repair_id;historical_day;failure_time;unit_id;machine_type;cell;repair_duration_min
REP-00001;H001;272,075;leg_press-01;leg_press;26;23,857
REP-00002;H001;299,23;treadmill-04;treadmill;35;16,496
REP-00003;H001;374,788;chest_fly-01;chest_fly;46;13,558
REP-00004;H001;404,372;lat_pulldown-01;lat_pulldown;36;20,592
REP-00005;H001;499,796;shoulder_press-02;shoulder_press;45;11,479
REP-00006;H001;605,559;lat_pulldown-01;lat_pulldown;36;32,827
REP-00007;H001;647,66;lat_pulldown-01;lat_pulldown;36;11,584
REP-00008;H001;683,127;leg_curl-02;leg_curl;24;18,456
REP-00009;H002;55,75;chest_press-01;chest_press;42;18,604
REP-00010;H002;223,351;chest_press-01;chest_press;42;32,963
REP-00011;H002;386,692;chest_press-01;chest_press;42;11,22
REP-00012;H002;560,778;seated_row-01;seated_row;15;26,008
REP-00013;H002;578,613;shoulder_press-01;shoulder_press;49;16,107
REP-00014;H002;631,839;leg_extension-01;leg_extension;12;21,467
REP-00015;H002;632,707;shoulder_press-01;shoulder_press;49;28,37
REP-00016;H002;632,793;chest_press-02;chest_press;47;18,774
REP-00017;H002;672,536;leg_press-02;leg_press;32;29,324
REP-00018;H002;682,485;shoulder_press-02;shoulder_press;45;30,421
REP-00019;H002;750,188;lat_pulldown-02;lat_pulldown;22;23,238
REP-00020;H002;760,035;chest_press-01;chest_press;42;13,048
REP-00021;H003;72,422;lat_pulldown-01;lat_pulldown;36;12,732
REP-00022;H003;176,974;chest_fly-01;chest_fly;46;16,407
REP-00023;H003;471,127;treadmill-02;treadmill;21;46,454
REP-00024;H003;529,752;biceps_curl-01;biceps_curl;11;25,033
REP-00025;H003;729,152;cable-02;cable;43;19,353
REP-00026;H004;124,772;shoulder_press-01;shoulder_press;49;12,416
REP-00027;H004;151,774;seated_row-01;seated_row;15;15,209
REP-00028;H004;419,379;seated_row-02;seated_row;29;21,946
REP-00029;H004;451,313;chest_press-01;chest_press;42;9,445
REP-00030;H004;521,401;leg_curl-02;leg_curl;24;38,972
REP-00031;H004;524,206;cable-01;cable;8;38,236
REP-00032;H004;804,426;seated_row-02;seated_row;29;30,575
REP-00033;H004;836,751;seated_row-01;seated_row;15;29,12
REP-00034;H005;143,341;chest_press-02;chest_press;47;31,843
REP-00035;H005;193,186;lat_pulldown-02;lat_pulldown;22;19,955
REP-00036;H005;206,274;leg_extension-02;leg_extension;10;34,517
REP-00037;H005;264,797;shoulder_press-01;shoulder_press;49;15,492
REP-00038;H005;622,041;leg_press-01;leg_press;26;18,137
REP-00039;H005;673,494;seated_row-01;seated_row;15;16,56
REP-00040;H005;734,688;leg_press-01;leg_press;26;21,345
REP-00041;H005;785,382;shoulder_press-01;shoulder_press;49;17,868
REP-00042;H005;876,979;lat_pulldown-01;lat_pulldown;36;23,172
REP-00043;H006;225,642;seated_row-02;seated_row;29;8,916
REP-00044;H006;244,255;shoulder_press-01;shoulder_press;49;26,875
REP-00045;H006;281,662;shoulder_press-01;shoulder_press;49;16,188
REP-00046;H006;382,286;chest_press-02;chest_press;47;16,341
REP-00047;H006;642,842;seated_row-02;seated_row;29;24,015
REP-00048;H007;250,89;chest_fly-01;chest_fly;46;10,06
REP-00049;H007;452,218;chest_fly-01;chest_fly;46;18,324
REP-00050;H007;775,618;chest_press-02;chest_press;47;18,801
REP-00051;H007;797,019;shoulder_press-01;shoulder_press;49;25,423
REP-00052;H008;221,28;shoulder_press-01;shoulder_press;49;19,151
REP-00053;H008;460,343;leg_press-01;leg_press;26;42,288
REP-00054;H008;562,293;leg_extension-01;leg_extension;12;37,473
REP-00055;H009;54,182;biceps_curl-01;biceps_curl;11;34,056
REP-00056;H009;61,143;shoulder_press-01;shoulder_press;49;18,377
REP-00057;H009;177,993;leg_extension-02;leg_extension;10;26,956
REP-00058;H009;258,417;lat_pulldown-01;lat_pulldown;36;21,47
REP-00059;H009;497,06;shoulder_press-01;shoulder_press;49;11,112
REP-00060;H009;574,743;cable-02;cable;43;23,566
REP-00061;H009;647,222;chest_fly-01;chest_fly;46;10,2
REP-00062;H009;689,631;chest_fly-01;chest_fly;46;12,971
REP-00063;H009;750,051;leg_press-01;leg_press;26;16,472
REP-00064;H009;752,257;lat_pulldown-02;lat_pulldown;22;39,729
REP-00065;H010;56,733;chest_press-01;chest_press;42;36,095
REP-00066;H010;332,772;leg_extension-01;leg_extension;12;41,831
REP-00067;H010;447,464;shoulder_press-02;shoulder_press;45;23,214
REP-00068;H010;469,648;biceps_curl-02;biceps_curl;33;22,676
REP-00069;H010;563,734;leg_press-02;leg_press;32;35,296
REP-00070;H010;761,667;leg_curl-01;leg_curl;31;50,907
REP-00071;H010;766,675;leg_extension-01;leg_extension;12;36,894
REP-00072;H010;779,281;leg_extension-02;leg_extension;10;18,702
REP-00073;H011;399,513;leg_curl-01;leg_curl;31;24,633
REP-00074;H011;718,579;lat_pulldown-01;lat_pulldown;36;15,333
REP-00075;H011;839,7;lat_pulldown-01;lat_pulldown;36;17,358
REP-00076;H011;867,654;biceps_curl-01;biceps_curl;11;17,684
REP-00077;H012;303,297;chest_press-02;chest_press;47;13,37
REP-00078;H012;409,406;chest_fly-01;chest_fly;46;12,036
REP-00079;H012;421,603;lat_pulldown-02;lat_pulldown;22;25,789
REP-00080;H012;517,213;leg_press-01;leg_press;26;16,835
REP-00081;H012;826,426;chest_fly-01;chest_fly;46;29,241
REP-00082;H013;55,164;leg_press-02;leg_press;32;9,175
REP-00083;H013;125,051;biceps_curl-02;biceps_curl;33;14,659
REP-00084;H013;188,63;leg_press-02;leg_press;32;29,758
REP-00085;H013;259,271;biceps_curl-02;biceps_curl;33;14,195
REP-00086;H013;380,973;cable-02;cable;43;14,93
REP-00087;H013;464,96;shoulder_press-01;shoulder_press;49;30,005
REP-00088;H013;777,145;seated_row-02;seated_row;29;16,34
REP-00089;H013;806,612;shoulder_press-01;shoulder_press;49;15,286
REP-00090;H013;850,356;lat_pulldown-01;lat_pulldown;36;7,166
REP-00091;H014;314,282;leg_curl-02;leg_curl;24;22,801
REP-00092;H014;410,896;lat_pulldown-02;lat_pulldown;22;20,353
REP-00093;H014;639,976;leg_curl-02;leg_curl;24;27,787
REP-00094;H014;805,577;chest_fly-01;chest_fly;46;19,35
REP-00095;H015;165,119;lat_pulldown-01;lat_pulldown;36;29,414
REP-00096;H015;393,012;chest_fly-01;chest_fly;46;16,227
REP-00097;H015;457,308;leg_press-01;leg_press;26;51,166
REP-00098;H015;546,686;seated_row-01;seated_row;15;20,363
REP-00099;H015;685,391;shoulder_press-01;shoulder_press;49;9,698
REP-00100;H016;238,268;cable-01;cable;8;26,627
REP-00101;H016;288,508;chest_press-02;chest_press;47;14,347
REP-00102;H016;390,337;leg_press-01;leg_press;26;47,397
REP-00103;H016;623,356;biceps_curl-02;biceps_curl;33;44,371
REP-00104;H016;633,714;lat_pulldown-01;lat_pulldown;36;21,654
REP-00105;H016;686,326;leg_press-02;leg_press;32;34,954
REP-00106;H016;769,638;leg_curl-02;leg_curl;24;24,183
REP-00107;H016;807,972;lat_pulldown-01;lat_pulldown;36;17,314
REP-00108;H016;827,302;leg_press-02;leg_press;32;33,521
REP-00109;H017;40,259;biceps_curl-02;biceps_curl;33;14,538
REP-00110;H017;162,469;chest_press-02;chest_press;47;39,241
REP-00111;H017;187,897;shoulder_press-02;shoulder_press;45;31,377
REP-00112;H017;432,026;chest_fly-01;chest_fly;46;15,176
REP-00113;H017;626,978;seated_row-01;seated_row;15;40,206
REP-00114;H017;718,783;chest_fly-01;chest_fly;46;16,77
REP-00115;H018;278,798;treadmill-02;treadmill;21;48,858
REP-00116;H018;327,733;chest_fly-01;chest_fly;46;20,612
REP-00117;H018;446,281;chest_press-02;chest_press;47;22,783
REP-00118;H018;577,163;treadmill-02;treadmill;21;39,943
REP-00119;H018;675,051;lat_pulldown-01;lat_pulldown;36;18,946
REP-00120;H018;782,1;cable-02;cable;43;15,288
REP-00121;H018;842,342;leg_press-01;leg_press;26;43,51
REP-00122;H019;208,714;treadmill-03;treadmill;28;48,164
REP-00123;H019;314,301;shoulder_press-01;shoulder_press;49;25,186
REP-00124;H019;327,889;lat_pulldown-02;lat_pulldown;22;18,129
REP-00125;H019;614,025;biceps_curl-02;biceps_curl;33;22,345
REP-00126;H019;647,994;shoulder_press-01;shoulder_press;49;8,936
REP-00127;H020;202,657;biceps_curl-02;biceps_curl;33;9,586
REP-00128;H020;334,048;lat_pulldown-01;lat_pulldown;36;13,606
REP-00129;H020;362,208;lat_pulldown-01;lat_pulldown;36;22,932
REP-00130;H020;470,048;seated_row-01;seated_row;15;20,631
REP-00131;H020;496,077;chest_press-01;chest_press;42;12,621
REP-00132;H020;506,134;chest_fly-01;chest_fly;46;28,488
REP-00133;H020;716,459;cable-02;cable;43;18,49
REP-00134;H020;781,674;leg_press-01;leg_press;26;22,965
REP-00135;H021;126,19;seated_row-01;seated_row;15;20,846
REP-00136;H021;153,71;chest_fly-01;chest_fly;46;8,471
REP-00137;H021;253,573;cable-02;cable;43;18,202
REP-00138;H021;317,381;chest_fly-01;chest_fly;46;10,399
REP-00139;H021;786,985;leg_curl-01;leg_curl;31;18,371
REP-00140;H021;861,473;seated_row-02;seated_row;29;14,509
REP-00141;H022;534,784;lat_pulldown-02;lat_pulldown;22;23,45
REP-00142;H022;565,037;lat_pulldown-01;lat_pulldown;36;25,203
REP-00143;H022;740,882;leg_curl-02;leg_curl;24;51,852
REP-00144;H022;793,057;shoulder_press-01;shoulder_press;49;16,401
REP-00145;H022;871,966;cable-02;cable;43;9,865
REP-00146;H023;52,764;biceps_curl-01;biceps_curl;11;25,665
REP-00147;H023;274,375;biceps_curl-02;biceps_curl;33;16,374
REP-00148;H023;592,716;leg_curl-02;leg_curl;24;22,818
REP-00149;H023;874,473;shoulder_press-01;shoulder_press;49;13,579
REP-00150;H024;102,529;shoulder_press-02;shoulder_press;45;16,916
REP-00151;H024;227,347;chest_press-01;chest_press;42;44,158
REP-00152;H024;282,879;chest_press-02;chest_press;47;12,398
REP-00153;H024;312,953;lat_pulldown-02;lat_pulldown;22;21,195
REP-00154;H024;671,386;seated_row-01;seated_row;15;26,249
REP-00155;H025;51,359;seated_row-01;seated_row;15;20,013
REP-00156;H025;113,724;lat_pulldown-02;lat_pulldown;22;24,958
REP-00157;H025;135,414;cable-02;cable;43;24,361
REP-00158;H025;191,305;leg_extension-01;leg_extension;12;38,523
REP-00159;H025;484,821;leg_press-01;leg_press;26;17,104
REP-00160;H025;652,351;chest_press-02;chest_press;47;13,029
REP-00161;H026;52,024;treadmill-04;treadmill;35;46,673
REP-00162;H026;143,681;leg_extension-02;leg_extension;10;21,242
REP-00163;H026;668,317;leg_extension-01;leg_extension;12;41,977
REP-00164;H026;746,228;chest_press-02;chest_press;47;16,589
REP-00165;H026;815,821;treadmill-03;treadmill;28;35,741
REP-00166;H027;59,583;shoulder_press-02;shoulder_press;45;38,627
REP-00167;H027;63,671;chest_press-02;chest_press;47;20,228
REP-00168;H027;206,761;cable-02;cable;43;30,489
REP-00169;H027;298,476;lat_pulldown-02;registro_erroneo;22;23,103
REP-00170;H027;434,691;leg_curl-01;leg_curl;31;39,67
REP-00171;H027;461,263;biceps_curl-02;biceps_curl;33;33,905
REP-00172;H027;604,496;leg_curl-01;leg_curl;31;57,574
REP-00173;H027;655,963;shoulder_press-02;shoulder_press;45;33,13
REP-00174;H027;695,677;cable-01;cable;8;26,398
REP-00175;H028;300,789;treadmill-03;treadmill;28;43,992
REP-00176;H028;413,756;lat_pulldown-02;lat_pulldown;22;31,298
REP-00177;H028;463,512;lat_pulldown-02;lat_pulldown;22;29,068
REP-00178;H028;502,564;shoulder_press-01;shoulder_press;49;29,879
REP-00179;H028;554,854;lat_pulldown-01;lat_pulldown;36;19,85
REP-00180;H028;601,172;shoulder_press-01;shoulder_press;49;15,679
REP-00181;H028;899,952;biceps_curl-02;biceps_curl;33;46,841
REP-00182;H029;445,14;leg_extension-02;leg_extension;10;31,021
REP-00183;H029;478,625;seated_row-02;seated_row;29;14,703
REP-00184;H029;545,078;chest_press-01;chest_press;42;27,278
REP-00185;H029;571,144;leg_extension-01;leg_extension;12;18,395
REP-00186;H029;779,897;biceps_curl-02;biceps_curl;33;29,401
REP-00187;H029;812,714;chest_fly-01;chest_fly;46;36,227
REP-00188;H029;827,69;cable-02;cable;43;31,729
REP-00189;H031;331,712;leg_curl-01;leg_curl;31;40,167
REP-00190;H032;83,122;cable-02;cable;43;19,114
REP-00191;H032;83,893;biceps_curl-02;biceps_curl;33;19,097
REP-00192;H032;451,497;chest_press-02;chest_press;47;24,549
REP-00193;H033;189,267;leg_extension-01;leg_extension;12;10,671
REP-00194;H033;275,146;biceps_curl-02;biceps_curl;33;12,846
REP-00195;H033;297,614;seated_row-01;seated_row;15;31,279
REP-00196;H033;562,082;leg_curl-02;leg_curl;24;26,477
REP-00197;H033;735,659;leg_press-02;leg_press;32;35,067
REP-00198;H033;759,643;leg_press-01;leg_press;26;41,328
REP-00199;H034;58,525;shoulder_press-01;shoulder_press;49;20,819
REP-00200;H034;106,874;biceps_curl-01;biceps_curl;11;29,799
REP-00201;H034;145,052;cable-02;cable;43;13,157
REP-00202;H034;177,765;treadmill-02;treadmill;21;22,751
REP-00203;H034;325,388;leg_curl-02;leg_curl;24;26,358
REP-00204;H034;509,002;seated_row-01;seated_row;15;18,777
REP-00205;H034;553,053;treadmill-01;treadmill;14;36,49
REP-00206;H034;702,187;cable-01;cable;8;18,336
REP-00207;H034;720,392;shoulder_press-01;shoulder_press;49;11,908
REP-00208;H035;88,382;chest_press-01;chest_press;42;16,841
REP-00209;H035;250,841;leg_curl-01;leg_curl;31;41,631
REP-00210;H035;526,351;chest_press-01;chest_press;42;39,85
REP-00211;H035;683,054;seated_row-01;seated_row;15;16,564
REP-00212;H036;53,629;leg_press-02;leg_press;32;45,443
REP-00213;H036;259,907;seated_row-02;seated_row;29;6,879
REP-00214;H036;338,494;chest_press-01;chest_press;42;12,628
REP-00215;H036;513,037;biceps_curl-01;biceps_curl;11;28,113
REP-00216;H036;646,665;leg_curl-02;leg_curl;24;16,28
REP-00217;H036;735,589;chest_fly-01;chest_fly;46;15,673
REP-00218;H037;31,422;leg_extension-02;leg_extension;10;46,208
REP-00219;H037;275,921;lat_pulldown-02;lat_pulldown;22;20,335
REP-00220;H037;632,76;chest_press-02;chest_press;47;51,769
REP-00221;H037;686,899;lat_pulldown-01;lat_pulldown;36;19,551
REP-00222;H038;82,704;chest_fly-01;chest_fly;46;34,589
REP-00223;H038;313,609;seated_row-02;seated_row;29;31,653
REP-00224;H039;82,85;leg_press-02;leg_press;32;13,698
REP-00225;H039;274,404;cable-02;cable;43;24,172
REP-00226;H039;485,948;seated_row-01;seated_row;15;18,311
REP-00227;H039;500,597;leg_press-01;leg_press;26;30,243
REP-00228;H039;626,519;shoulder_press-01;shoulder_press;49;16,685
REP-00229;H039;702,773;leg_extension-02;leg_extension;10;20,435
REP-00230;H039;875,328;seated_row-02;seated_row;29;7,579
REP-00231;H040;278,436;leg_extension-01;leg_extension;12;33,419
REP-00232;H040;326,509;shoulder_press-02;shoulder_press;45;36,095
REP-00233;H040;399,898;seated_row-02;seated_row;29;21,185
REP-00234;H040;552,483;chest_press-01;chest_press;42;15,751
REP-00235;H041;281,38;lat_pulldown-02;lat_pulldown;22;12,719
REP-00236;H041;385,602;leg_press-02;leg_press;32;30,671
REP-00237;H041;631,001;biceps_curl-02;biceps_curl;33;33,201
REP-00238;H042;310,13;leg_press-01;leg_press;26;38,179
REP-00239;H042;327,092;leg_extension-01;leg_extension;12;37,781
REP-00240;H042;451,081;treadmill-01;treadmill;14;25,916
REP-00241;H042;797,504;leg_curl-02;leg_curl;24;36,881
REP-00242;H042;874,147;leg_curl-02;leg_curl;24;30,418
REP-00243;H043;51,454;lat_pulldown-01;lat_pulldown;36;18,362
REP-00244;H043;375,978;leg_curl-01;leg_curl;31;39,786
REP-00245;H043;809,766;leg_press-02;leg_press;32;36,263
REP-00246;H043;823,165;seated_row-02;seated_row;29;21,685
REP-00247;H044;371,59;shoulder_press-01;shoulder_press;49;12,232
REP-00248;H044;557,564;leg_curl-02;leg_curl;24;33,735
REP-00249;H044;730,036;shoulder_press-02;shoulder_press;45;16,735
REP-00250;H044;775,676;leg_curl-01;leg_curl;31;30,684
REP-00251;H044;779,235;leg_extension-01;leg_extension;12;36,773
REP-00252;H045;49,556;chest_press-02;chest_press;47;13,953
REP-00253;H045;356,261;leg_extension-02;leg_extension;10;37,329
REP-00254;H045;397,768;cable-02;cable;43;21,774
REP-00255;H045;514,144;chest_fly-01;chest_fly;46;11,86
REP-00256;H045;537,64;treadmill-03;treadmill;28;25,637
REP-00257;H045;590,055;leg_extension-01;leg_extension;12;26,274
REP-00258;H045;624,216;leg_press-02;leg_press;32;36,508
REP-00259;H045;833,193;biceps_curl-01;biceps_curl;11;16,979
REP-00260;H045;837,794;leg_press-02;leg_press;32;39,281
REP-00261;H046;263,354;chest_press-02;chest_press;47;35,794
REP-00262;H046;267,76;shoulder_press-01;shoulder_press;49;14,625
REP-00263;H046;302,418;seated_row-01;seated_row;15;25,003
REP-00264;H046;329,916;leg_extension-02;leg_extension;10;32,354
REP-00265;H046;702,12;leg_extension-02;leg_extension;10;35,148
REP-00266;H046;837,78;cable-01;cable;8;35,233
REP-00267;H047;148,309;chest_fly-01;chest_fly;46;10,815
REP-00268;H047;451,198;leg_curl-02;leg_curl;24;20,506
REP-00269;H047;536,689;lat_pulldown-02;lat_pulldown;22;25,932
REP-00270;H047;589,092;chest_press-02;chest_press;47;20,21
REP-00271;H047;621,137;shoulder_press-02;shoulder_press;45;13,395
REP-00272;H047;654,749;chest_press-02;chest_press;47;12,447
REP-00273;H048;19,285;lat_pulldown-02;lat_pulldown;22;31,752
REP-00274;H048;251,468;shoulder_press-01;shoulder_press;49;11,691
REP-00275;H048;639,46;cable-02;cable;43;15,404
REP-00276;H048;870,901;treadmill-02;treadmill;21;32,447
REP-00277;H049;14,904;cable-01;cable;8;37,348
REP-00278;H049;105,164;cable-01;cable;8;18,811
REP-00279;H049;256,167;leg_extension-01;leg_extension;12;20,829
REP-00280;H049;264,118;chest_press-01;chest_press;42;13,43
REP-00281;H049;281,656;chest_fly-01;chest_fly;46;14,585
REP-00282;H049;301,038;leg_extension-02;leg_extension;10;27,655
REP-00283;H049;305,803;seated_row-01;seated_row;15;29,632
REP-00284;H049;701,304;leg_extension-02;leg_extension;10;21,643
REP-00285;H049;796,254;chest_press-02;chest_press;47;12,706
REP-00286;H050;54,336;shoulder_press-02;shoulder_press;45;22,58
REP-00287;H050;91,517;leg_extension-01;leg_extension;12;30,786
REP-00288;H050;131,059;leg_curl-01;leg_curl;31;40,599
REP-00289;H050;256,5;treadmill-04;treadmill;35;33,68
REP-00290;H050;364,035;leg_press-02;leg_press;32;34,778
REP-00291;H050;522,139;leg_press-01;leg_press;26;19,935
REP-00292;H051;759,97;biceps_curl-02;biceps_curl;33;19,954
REP-00293;H052;452,563;cable-01;cable;8;7,231
REP-00294;H052;638,966;chest_press-02;chest_press;47;35,229
REP-00295;H052;849,387;leg_press-01;leg_press;26;17,56
REP-00296;H053;239,197;lat_pulldown-02;lat_pulldown;22;24,305
REP-00297;H053;347,786;shoulder_press-02;shoulder_press;45;28,078
REP-00298;H053;365,969;chest_press-02;chest_press;47;20,835
REP-00299;H053;461,501;chest_fly-01;chest_fly;46;8,39
REP-00300;H053;533,468;chest_fly-01;chest_fly;46;14,078
REP-00301;H053;636,269;lat_pulldown-02;lat_pulldown;22;11,647
REP-00302;H054;226,084;chest_fly-01;chest_fly;46;9,856
REP-00303;H054;358,657;seated_row-01;seated_row;15;31,12
REP-00304;H054;589,639;cable-01;cable;8;17,56
REP-00305;H055;22,791;leg_extension-01;leg_extension;12;24,31
REP-00306;H055;98,209;chest_fly-01;chest_fly;46;48,698
REP-00307;H055;411,745;lat_pulldown-02;lat_pulldown;22;22,143
REP-00308;H055;477,712;shoulder_press-02;shoulder_press;45;29,42
REP-00309;H055;580,568;leg_press-02;leg_press;32;25,381
REP-00310;H055;707,548;leg_extension-01;leg_extension;12;26,203
REP-00311;H055;763,274;chest_fly-01;chest_fly;46;17,406
REP-00312;H056;213,216;cable-01;cable;8;16,646
REP-00313;H056;269,527;chest_fly-01;chest_fly;46;33,52
REP-00314;H056;661,585;leg_extension-02;leg_extension;10;23,889
REP-00315;H056;749,676;shoulder_press-02;shoulder_press;45;8,226
REP-00316;H056;771,311;shoulder_press-01;shoulder_press;49;8,726
REP-00317;H056;803,5;biceps_curl-01;biceps_curl;11;15,137
REP-00318;H056;836,726;leg_curl-02;leg_curl;24;43,056
REP-00319;H056;845,482;shoulder_press-01;shoulder_press;49;37,534
REP-00320;H057;184,951;lat_pulldown-01;lat_pulldown;36;19,819
REP-00321;H057;227,711;leg_curl-02;leg_curl;24;36,899
REP-00322;H057;285,103;treadmill-03;treadmill;28;32,261
REP-00323;H057;311,38;biceps_curl-01;biceps_curl;11;15,649
REP-00324;H057;425,413;leg_extension-01;leg_extension;12;27,993
REP-00325;H057;628,84;leg_curl-02;leg_curl;24;16,571
REP-00326;H057;710,937;leg_curl-01;leg_curl;31;44,773
REP-00327;H058;334,688;lat_pulldown-01;lat_pulldown;36;34,474
REP-00328;H058;547,636;seated_row-02;seated_row;29;28,752
REP-00329;H058;592,86;cable-02;cable;43;16,709
REP-00330;H058;610,655;leg_extension-01;leg_extension;12;31,056
REP-00331;H058;688,342;leg_press-02;leg_press;32;26,745
REP-00332;H059;40,932;lat_pulldown-02;lat_pulldown;22;19,275
REP-00333;H059;105,534;chest_press-01;chest_press;42;16,759
REP-00334;H059;183,593;chest_fly-01;chest_fly;46;30,536
REP-00335;H059;793,621;leg_extension-02;leg_extension;10;18,67
REP-00336;H059;800,254;leg_press-01;leg_press;26;28,52
REP-00337;H061;284,461;leg_extension-01;leg_extension;12;16,667
REP-00338;H061;319,462;seated_row-01;seated_row;15;32,056
REP-00339;H061;348,885;biceps_curl-01;biceps_curl;11;26,777
REP-00340;H061;413,263;biceps_curl-01;biceps_curl;11;20,984
REP-00341;H061;627,84;chest_press-01;chest_press;42;22,704
REP-00342;H061;830,247;biceps_curl-02;biceps_curl;33;24,142
REP-00343;H062;33,962;leg_extension-01;leg_extension;12;37,418
REP-00344;H062;137,713;seated_row-01;seated_row;15;35,674
REP-00345;H062;309,834;chest_press-01;chest_press;42;9,54
REP-00346;H062;358,761;leg_extension-01;leg_extension;12;28,444
REP-00347;H062;648,449;lat_pulldown-02;lat_pulldown;22;10,61
REP-00348;H062;722,552;chest_fly-01;chest_fly;46;8,642
REP-00349;H062;777,462;chest_fly-01;chest_fly;46;23,848
REP-00350;H063;33,859;lat_pulldown-01;lat_pulldown;36;21,029
REP-00351;H063;135,785;leg_extension-02;leg_extension;10;29,682
REP-00352;H063;250,531;treadmill-04;treadmill;35;50,0
REP-00353;H063;285,703;cable-01;cable;8;18,419
REP-00354;H063;373,463;shoulder_press-02;shoulder_press;45;22,044
REP-00355;H064;96,384;lat_pulldown-01;lat_pulldown;36;18,274
REP-00356;H064;117,475;chest_press-01;chest_press;42;34,031
REP-00357;H064;216,361;shoulder_press-01;shoulder_press;49;12,37
REP-00358;H064;279,778;shoulder_press-02;shoulder_press;45;13,187
REP-00359;H064;362,08;leg_press-01;leg_press;26;26,559
REP-00360;H064;436,313;biceps_curl-02;biceps_curl;33;17,312
REP-00361;H064;678,405;shoulder_press-01;shoulder_press;49;38,959
REP-00362;H064;706,042;leg_extension-01;leg_extension;12;34,822
REP-00363;H064;850,507;chest_press-01;chest_press;42;28,801
REP-00364;H064;877,674;treadmill-02;treadmill;21;31,278
REP-00365;H065;248,403;leg_curl-02;leg_curl;24;38,282
REP-00366;H065;475,015;chest_fly-01;chest_fly;46;11,428
REP-00367;H065;641,018;shoulder_press-02;shoulder_press;45;32,328
REP-00368;H065;724,07;shoulder_press-02;shoulder_press;45;6,379
REP-00369;H066;246,998;leg_press-02;leg_press;32;26,232
REP-00370;H066;369,509;leg_extension-01;leg_extension;12;42,284
REP-00371;H066;378,15;shoulder_press-01;shoulder_press;49;45,226
REP-00372;H066;493,058;seated_row-01;seated_row;15;14,506
REP-00373;H066;663,868;leg_curl-02;leg_curl;24;53,863
REP-00374;H066;701,182;chest_press-01;chest_press;42;16,422
REP-00375;H066;777,186;biceps_curl-01;biceps_curl;11;17,936
REP-00376;H067;97,513;chest_fly-01;chest_fly;46;16,899
REP-00377;H067;401,391;chest_fly-01;chest_fly;46;16,83
REP-00378;H067;467,525;treadmill-02;treadmill;21;50,0
REP-00379;H067;645,909;leg_press-02;leg_press;32;26,747
REP-00380;H067;720,264;leg_extension-02;leg_extension;10;37,664
REP-00381;H067;746,753;leg_extension-01;leg_extension;12;37,486
REP-00382;H068;391,139;seated_row-01;seated_row;15;29,71
REP-00383;H068;707,22;cable-02;cable;43;21,813
REP-00384;H068;720,553;leg_curl-02;leg_curl;24;39,623
REP-00385;H068;823,769;shoulder_press-01;shoulder_press;49;7,282
REP-00386;H069;153,98;biceps_curl-01;biceps_curl;11;36,829
REP-00387;H069;187,739;seated_row-01;seated_row;15;14,125
REP-00388;H069;393,596;seated_row-01;seated_row;15;28,221
REP-00389;H069;575,649;leg_curl-02;leg_curl;24;16,918
REP-00390;H069;782,233;leg_press-02;leg_press;32;45,947
REP-00391;H069;860,535;shoulder_press-02;shoulder_press;45;18,15
REP-00392;H070;310,733;chest_press-01;chest_press;42;10,626
REP-00393;H070;449,327;shoulder_press-02;shoulder_press;45;20,042
REP-00394;H070;580,526;biceps_curl-01;biceps_curl;11;48,0
REP-00395;H070;639,472;lat_pulldown-02;lat_pulldown;22;22,438
REP-00396;H070;648,906;cable-02;cable;43;37,614
REP-00397;H071;45,016;lat_pulldown-01;lat_pulldown;36;29,758
REP-00398;H071;564,378;leg_extension-01;leg_extension;12;23,468
REP-00399;H071;616,885;cable-02;cable;43;20,255
REP-00400;H072;31,702;shoulder_press-01;shoulder_press;49;10,121
REP-00401;H072;58,181;cable-02;cable;43;27,628
REP-00402;H072;59,406;chest_press-01;chest_press;42;17,507
REP-00403;H072;91,852;cable-01;cable;8;26,521
REP-00404;H072;244,919;seated_row-01;seated_row;15;20,618
REP-00405;H072;428,602;seated_row-02;seated_row;29;13,103
REP-00406;H072;446,652;chest_fly-01;chest_fly;46;39,6
REP-00407;H073;217,66;leg_extension-01;leg_extension;12;28,28
REP-00408;H073;380,661;leg_press-01;leg_press;26;20,179
REP-00409;H073;699,202;shoulder_press-02;shoulder_press;45;39,241
REP-00410;H073;719,101;chest_press-01;chest_press;42;36,008
REP-00411;H073;766,333;leg_press-01;leg_press;26;25,024
REP-00412;H074;96,523;biceps_curl-02;biceps_curl;33;7,431
REP-00413;H074;262,677;shoulder_press-01;shoulder_press;49;16,289
REP-00414;H074;274,972;chest_fly-01;chest_fly;46;37,999
REP-00415;H074;467,242;seated_row-01;seated_row;15;30,981
REP-00416;H074;642,027;cable-01;cable;8;20,091
REP-00417;H074;693,885;chest_press-01;chest_press;42;14,015
REP-00418;H074;794,928;treadmill-03;treadmill;28;32,672
REP-00419;H074;831,434;leg_extension-02;leg_extension;10;21,82
REP-00420;H075;188,685;treadmill-01;treadmill;14;50,0
REP-00421;H075;206,076;biceps_curl-01;biceps_curl;11;34,799
REP-00422;H075;257,365;cable-02;cable;43;12,983
REP-00423;H076;365,336;chest_press-01;chest_press;42;23,545
REP-00424;H076;480,594;shoulder_press-01;shoulder_press;49;14,47
REP-00425;H077;138,385;leg_curl-01;leg_curl;31;32,842
REP-00426;H077;245,725;shoulder_press-02;shoulder_press;45;26,257
REP-00427;H077;260,34;chest_press-01;chest_press;42;12,484
REP-00428;H077;462,206;leg_extension-02;leg_extension;10;47,103
REP-00429;H077;580,682;leg_extension-01;leg_extension;12;15,279
REP-00430;H077;784,354;chest_press-02;chest_press;47;18,182
REP-00431;H078;29,18;shoulder_press-01;shoulder_press;49;13,447
REP-00432;H078;342,843;leg_press-02;leg_press;32;36,227
REP-00433;H078;469,734;leg_extension-02;leg_extension;10;19,077
REP-00434;H078;600,597;lat_pulldown-01;lat_pulldown;36;33,797
REP-00435;H078;810,494;lat_pulldown-02;lat_pulldown;22;48,0
REP-00436;H079;667,61;treadmill-04;treadmill;35;35,347
REP-00437;H080;132,329;seated_row-01;seated_row;15;19,084
REP-00438;H080;287,779;treadmill-04;treadmill;35;50,0
REP-00439;H080;449,871;seated_row-02;seated_row;29;11,803
REP-00440;H080;453,792;leg_extension-02;leg_extension;10;46,919
REP-00441;H080;470,529;leg_press-01;leg_press;26;47,354
REP-00442;H081;248,895;seated_row-02;seated_row;29;11,513
REP-00443;H081;311,166;shoulder_press-02;shoulder_press;45;16,634
REP-00444;H081;513,367;chest_press-01;chest_press;42;16,362
REP-00445;H082;202,523;treadmill-01;treadmill;14;20,989
REP-00446;H082;475,296;lat_pulldown-02;lat_pulldown;22;27,693
REP-00447;H082;506,522;biceps_curl-02;biceps_curl;33;22,269
REP-00448;H082;812,103;chest_press-02;chest_press;47;22,617
REP-00449;H082;836,645;leg_curl-01;leg_curl;31;21,629
REP-00450;H083;47,687;cable-02;cable;43;51,96
REP-00451;H083;85,906;leg_curl-01;leg_curl;31;51,916
REP-00452;H083;144,235;cable-02;cable;43;39,465
REP-00453;H083;479,264;treadmill-02;treadmill;21;45,283
REP-00454;H083;810,049;leg_curl-01;leg_curl;31;35,846
REP-00455;H084;290,685;lat_pulldown-01;lat_pulldown;36;24,885
REP-00456;H084;381,639;seated_row-01;seated_row;15;14,508
REP-00457;H084;521,408;seated_row-01;seated_row;15;22,636
REP-00458;H084;590,929;chest_press-01;chest_press;42;30,723
REP-00459;H085;219,382;shoulder_press-01;shoulder_press;49;19,268
REP-00460;H085;234,354;shoulder_press-02;shoulder_press;45;14,6
REP-00461;H085;426,98;leg_extension-02;leg_extension;10;7,965
REP-00462;H085;460,256;shoulder_press-02;shoulder_press;45;16,46
REP-00463;H085;528,096;lat_pulldown-02;lat_pulldown;22;11,551
REP-00464;H085;570,314;seated_row-01;seated_row;15;14,947
REP-00465;H085;636,527;shoulder_press-02;shoulder_press;45;26,175
REP-00466;H085;793,59;cable-02;cable;43;17,051
REP-00467;H086;323,898;lat_pulldown-01;lat_pulldown;36;36,058
REP-00468;H086;684,68;chest_fly-01;chest_fly;46;29,312
REP-00469;H086;697,97;leg_press-01;leg_press;26;38,675
REP-00470;H086;704,675;cable-02;cable;43;12,681
REP-00471;H086;835,003;treadmill-02;treadmill;21;42,229
REP-00472;H087;115,693;shoulder_press-01;shoulder_press;49;36,181
REP-00473;H087;260,057;cable-01;cable;8;38,295
REP-00474;H087;836,213;leg_curl-02;leg_curl;24;25,377
REP-00475;H088;72,828;chest_press-01;chest_press;42;6,121
REP-00476;H088;674,176;seated_row-01;seated_row;15;13,695
REP-00477;H089;140,722;treadmill-03;treadmill;28;20,464
REP-00478;H089;188,593;leg_press-01;leg_press;26;36,451
REP-00479;H089;247,558;chest_fly-01;chest_fly;46;16,606
REP-00480;H089;312,473;leg_press-01;leg_press;26;46,47
REP-00481;H089;344,959;shoulder_press-01;shoulder_press;49;27,6
REP-00482;H089;586,197;seated_row-02;seated_row;29;26,115
REP-00483;H090;180,791;treadmill-04;treadmill;35;36,93
REP-00484;H090;507,427;leg_press-02;leg_press;32;44,794
REP-00485;H090;508,966;shoulder_press-02;shoulder_press;45;49,532
REP-00486;H090;565,933;leg_press-01;leg_press;26;16,111
REP-00487;H091;31,72;chest_press-01;chest_press;42;15,074
REP-00488;H091;113,168;leg_extension-02;leg_extension;10;51,727
REP-00489;H091;269,305;cable-02;cable;43;22,085
REP-00490;H091;382,123;leg_press-02;leg_press;32;36,815
REP-00491;H091;569,404;chest_press-01;chest_press;42;33,572
REP-00492;H091;761,402;lat_pulldown-02;lat_pulldown;22;23,21
REP-00493;H092;294,766;biceps_curl-02;biceps_curl;33;28,427
REP-00494;H092;334,188;shoulder_press-02;shoulder_press;45;16,762
REP-00495;H092;425,596;chest_press-01;chest_press;42;40,516
REP-00496;H092;426,173;shoulder_press-01;shoulder_press;49;10,603
REP-00497;H092;478,279;lat_pulldown-01;lat_pulldown;36;19,092
REP-00498;H092;532,163;cable-01;cable;8;20,713
REP-00499;H092;726,45;treadmill-01;treadmill;14;35,562
REP-00500;H092;780,517;leg_press-01;leg_press;26;49,188
REP-00501;H092;804,448;lat_pulldown-01;lat_pulldown;36;13,07
REP-00502;H092;804,933;leg_extension-02;leg_extension;10;34,463
REP-00503;H093;443,664;leg_curl-01;leg_curl;31;21,887
REP-00504;H093;502,596;seated_row-01;seated_row;15;20,622
REP-00505;H093;619,015;chest_fly-01;chest_fly;46;17,29
REP-00506;H093;694,291;biceps_curl-02;biceps_curl;33;17,822
REP-00507;H093;762,809;cable-01;cable;8;15,319
REP-00508;H093;852,534;leg_curl-02;leg_curl;24;21,881
REP-00509;H094;795,111;biceps_curl-02;biceps_curl;33;40,122
REP-00510;H095;32,238;biceps_curl-01;biceps_curl;11;15,725
REP-00511;H095;161,39;seated_row-01;seated_row;15;34,344
REP-00512;H095;830,39;leg_press-01;leg_press;26;33,657
REP-00513;H095;910,646;cable-02;cable;43;18,936
REP-00514;H096;42,321;lat_pulldown-02;lat_pulldown;22;16,37
REP-00515;H096;316,262;leg_press-02;leg_press;32;22,686
REP-00516;H096;406,659;shoulder_press-01;shoulder_press;49;14,554
REP-00517;H096;414,606;cable-01;cable;8;31,445
REP-00518;H097;71,951;chest_press-02;chest_press;47;21,014
REP-00519;H097;433,604;leg_press-01;leg_press;26;18,987
REP-00520;H097;457,522;leg_press-02;leg_press;32;26,177
REP-00521;H097;524,958;leg_extension-02;leg_extension;10;19,536
REP-00522;H097;585,161;treadmill-02;treadmill;21;35,771
REP-00523;H097;633,392;lat_pulldown-01;lat_pulldown;36;15,454
REP-00524;H097;654,441;lat_pulldown-02;lat_pulldown;22;32,338
REP-00525;H097;660,134;seated_row-02;seated_row;29;20,213
REP-00526;H097;736,081;leg_extension-01;leg_extension;12;33,588
REP-00527;H097;827,415;leg_curl-02;leg_curl;24;34,468
REP-00528;H098;48,359;cable-01;cable;8;27,402
REP-00529;H098;212,533;seated_row-02;seated_row;29;27,337
REP-00530;H098;223,981;leg_extension-01;leg_extension;12;31,71
REP-00531;H098;338,03;seated_row-02;seated_row;29;11,393
REP-00532;H098;479,44;biceps_curl-01;biceps_curl;11;22,119
REP-00533;H098;515,513;seated_row-02;seated_row;29;27,529
REP-00534;H098;603,661;chest_fly-01;chest_fly;46;40,724
REP-00535;H098;647,956;leg_extension-01;leg_extension;12;12,274
REP-00536;H098;862,6;seated_row-02;seated_row;29;33,725
REP-00537;H099;283,841;leg_curl-01;leg_curl;31;21,683
REP-00538;H099;366,147;biceps_curl-02;biceps_curl;33;15,259
REP-00539;H099;425,516;shoulder_press-01;shoulder_press;49;15,62
REP-00540;H100;298,177;leg_extension-02;leg_extension;10;19,408
REP-00541;H100;804,453;lat_pulldown-01;lat_pulldown;36;32,121
REP-00542;H101;105,331;biceps_curl-02;biceps_curl;33;20,253
REP-00543;H101;516,103;leg_press-02;leg_press;32;35,464
REP-00544;H101;663,51;treadmill-01;treadmill;14;11,226
REP-00545;H101;774,072;leg_press-02;leg_press;32;24,285
REP-00546;H102;66,117;seated_row-02;seated_row;29;31,909
REP-00547;H102;243,343;leg_press-02;leg_press;32;39,829
REP-00548;H102;308,36;seated_row-02;seated_row;29;34,059
REP-00549;H102;384,732;treadmill-04;treadmill;35;44,312
REP-00550;H102;470,653;biceps_curl-01;biceps_curl;11;13,877
REP-00551;H103;83,751;seated_row-01;seated_row;15;46,699
REP-00552;H103;138,072;leg_press-02;leg_press;32;42,623
REP-00553;H103;219,306;chest_press-02;chest_press;47;18,952
REP-00554;H103;354,291;seated_row-02;seated_row;29;19,271
REP-00555;H103;445,939;seated_row-02;seated_row;29;12,199
REP-00556;H103;646,112;chest_press-02;chest_press;47;16,697
REP-00557;H104;122,635;chest_press-02;chest_press;47;15,371
REP-00558;H104;198,904;leg_press-01;leg_press;26;14,679
REP-00559;H104;377,829;chest_fly-01;chest_fly;46;11,528
REP-00560;H104;467,957;cable-01;cable;8;11,438
REP-00561;H104;563,114;leg_press-02;leg_press;32;23,949
REP-00562;H104;741,038;chest_press-02;chest_press;47;23,12
REP-00563;H105;322,024;chest_fly-01;chest_fly;46;33,904
REP-00564;H105;412,624;cable-02;cable;43;18,792
REP-00565;H106;152,145;chest_press-02;chest_press;47;13,683
REP-00566;H106;215,439;treadmill-01;treadmill;14;41,671
REP-00567;H106;357,702;biceps_curl-02;biceps_curl;33;34,455
REP-00568;H106;492,907;chest_press-01;chest_press;42;10,501
REP-00569;H106;520,908;chest_press-01;chest_press;42;46,826
REP-00570;H106;691,794;leg_curl-02;leg_curl;24;34,472
REP-00571;H106;805,611;leg_curl-02;leg_curl;24;28,223
REP-00572;H106;835,045;seated_row-02;seated_row;29;6,526
REP-00573;H107;192,348;lat_pulldown-02;lat_pulldown;22;17,395
REP-00574;H107;210,447;leg_curl-02;leg_curl;24;58,319
REP-00575;H107;253,546;shoulder_press-02;shoulder_press;45;32,96
REP-00576;H107;328,98;treadmill-04;treadmill;35;50,0
REP-00577;H107;337,293;leg_extension-01;leg_extension;12;30,759
REP-00578;H107;344,562;leg_curl-01;leg_curl;31;47,137
REP-00579;H107;351,676;treadmill-03;treadmill;28;50,0
REP-00580;H107;426,108;leg_curl-01;leg_curl;31;21,237
REP-00581;H107;427,186;treadmill-02;treadmill;21;50,0
REP-00582;H107;483,518;shoulder_press-02;shoulder_press;45;14,834
REP-00583;H107;602,854;cable-02;cable;43;22,689
REP-00584;H107;803,706;leg_press-02;leg_press;32;28,463
REP-00585;H108;138,962;biceps_curl-01;biceps_curl;11;16,51
REP-00586;H108;196,167;chest_fly-01;chest_fly;46;10,317
REP-00587;H108;226,809;chest_press-01;chest_press;42;14,906
REP-00588;H108;375,421;leg_curl-02;leg_curl;24;22,439
REP-00589;H108;446,421;seated_row-02;seated_row;29;10,17
REP-00590;H108;700,677;cable-02;cable;43;12,984
REP-00591;H109;129,654;leg_press-02;leg_press;32;25,096
REP-00592;H109;160,373;leg_press-01;leg_press;26;44,959
REP-00593;H109;236,788;shoulder_press-01;shoulder_press;49;14,696
REP-00594;H109;323,057;lat_pulldown-02;lat_pulldown;22;18,632
REP-00595;H109;574,692;leg_extension-01;leg_extension;12;38,887
REP-00596;H109;690,981;treadmill-03;treadmill;28;38,697
REP-00597;H110;217,233;seated_row-02;seated_row;29;13,469
REP-00598;H110;239,935;chest_fly-01;chest_fly;46;10,667
REP-00599;H110;264,311;chest_press-01;chest_press;42;19,383
REP-00600;H110;365,703;lat_pulldown-01;lat_pulldown;36;39,398
REP-00601;H110;386,247;leg_press-02;leg_press;32;39,267
REP-00602;H110;553,764;seated_row-02;seated_row;29;35,442
REP-00603;H110;754,76;treadmill-04;treadmill;35;40,822
REP-00604;H110;783,909;biceps_curl-01;biceps_curl;11;20,03
REP-00605;H111;27,449;cable-01;cable;8;15,925
REP-00606;H111;193,303;chest_press-02;chest_press;47;20,233
REP-00607;H111;216,209;treadmill-04;treadmill;35;26,064
REP-00608;H111;242,125;seated_row-01;seated_row;15;18,886
REP-00609;H111;445,826;leg_curl-01;leg_curl;31;34,372
REP-00610;H111;557,695;shoulder_press-02;shoulder_press;45;11,068
REP-00611;H111;705,794;biceps_curl-02;biceps_curl;33;12,594
REP-00612;H111;715,936;leg_curl-02;leg_curl;24;55,345
REP-00613;H111;758,997;leg_curl-01;leg_curl;31;11,917
REP-00614;H112;100,626;leg_extension-02;leg_extension;10;28,612
REP-00615;H112;281,665;leg_extension-01;leg_extension;12;47,521
REP-00616;H112;670,693;biceps_curl-02;biceps_curl;33;23,957
REP-00617;H112;740,363;treadmill-04;treadmill;35;34,511
REP-00618;H113;169,513;lat_pulldown-01;lat_pulldown;36;36,85
REP-00619;H113;351,298;leg_extension-01;leg_extension;12;47,999
REP-00620;H113;361,598;seated_row-01;seated_row;15;28,056
REP-00621;H113;548,648;shoulder_press-01;shoulder_press;49;28,717
REP-00622;H113;559,989;leg_press-01;leg_press;26;20,964
REP-00623;H113;623,562;chest_fly-01;chest_fly;46;16,126
REP-00624;H114;720,096;leg_press-02;leg_press;32;23,645
REP-00625;H114;736,427;leg_curl-02;leg_curl;24;26,992
REP-00626;H114;777,327;chest_press-02;chest_press;47;6,761
REP-00627;H114;823,635;chest_fly-01;chest_fly;46;12,4
REP-00628;H114;836,33;leg_press-02;leg_press;32;27,316
REP-00629;H115;251,442;biceps_curl-01;biceps_curl;11;15,106
REP-00630;H115;434,194;leg_extension-02;leg_extension;10;11,578
REP-00631;H115;475,848;chest_fly-01;chest_fly;46;38,923
REP-00632;H115;532,202;cable-01;cable;8;13,645
REP-00633;H115;638,127;cable-02;cable;43;31,095
REP-00634;H115;774,78;leg_extension-02;leg_extension;10;37,892
REP-00635;H115;828,685;lat_pulldown-02;lat_pulldown;22;21,241
REP-00636;H116;77,197;leg_extension-01;leg_extension;12;22,214
REP-00637;H116;124,765;shoulder_press-02;shoulder_press;45;34,504
REP-00638;H116;285,651;treadmill-03;treadmill;28;34,899
REP-00639;H116;462,574;cable-01;cable;8;30,768
REP-00640;H117;61,455;leg_curl-01;leg_curl;31;42,02
REP-00641;H117;181,599;seated_row-01;seated_row;15;19,965
REP-00642;H117;244,731;leg_extension-02;leg_extension;10;16,838
REP-00643;H117;423,796;chest_press-01;chest_press;42;17,387
REP-00644;H117;534,694;leg_curl-01;leg_curl;31;36,226
REP-00645;H117;574,947;chest_press-02;chest_press;47;15,64
REP-00646;H117;820,626;lat_pulldown-01;lat_pulldown;36;16,309
REP-00647;H118;81,756;shoulder_press-02;shoulder_press;45;12,63
REP-00648;H118;81,89;biceps_curl-01;biceps_curl;11;24,992
REP-00649;H118;84,248;cable-02;cable;43;21,205
REP-00650;H118;159,737;chest_press-02;chest_press;47;15,268
REP-00651;H118;448,393;chest_press-01;chest_press;42;37,412
REP-00652;H118;468,24;chest_fly-01;chest_fly;46;15,715
REP-00653;H118;508,231;shoulder_press-02;shoulder_press;45;22,613
REP-00654;H118;625,228;leg_extension-02;leg_extension;10;26,099
REP-00655;H118;651,683;seated_row-01;seated_row;15;32,67
REP-00656;H118;737,873;chest_fly-01;chest_fly;46;37,433
REP-00657;H119;436,74;shoulder_press-01;shoulder_press;49;19,605
REP-00658;H119;520,701;chest_fly-01;chest_fly;46;14,523
REP-00659;H119;662,592;biceps_curl-01;biceps_curl;11;20,99
REP-00660;H119;787,9;chest_fly-01;chest_fly;46;13,875
REP-00661;H120;41,632;shoulder_press-02;shoulder_press;45;12,661
REP-00662;H120;105,36;lat_pulldown-01;lat_pulldown;36;11,503
REP-00663;H120;336,801;leg_extension-02;leg_extension;10;29,442
REP-00664;H120;418,798;leg_extension-02;leg_extension;10;37,04
REP-00665;H120;460,551;seated_row-01;seated_row;15;48,0
REP-00666;H121;199,626;treadmill-01;treadmill;14;50,0
REP-00667;H121;210,745;cable-02;cable;43;21,52
REP-00668;H121;375,882;biceps_curl-02;biceps_curl;33;18,3
REP-00669;H121;652,347;lat_pulldown-01;lat_pulldown;36;20,951
REP-00670;H121;772,562;treadmill-02;treadmill;21;28,906
REP-00671;H121;813,716;leg_extension-02;leg_extension;10;57,007
REP-00672;H121;845,481;seated_row-02;seated_row;29;18,526
REP-00673;H122;315,882;leg_extension-02;leg_extension;10;41,559
REP-00674;H122;665,592;chest_press-01;chest_press;42;12,048
REP-00675;H122;675,626;seated_row-02;seated_row;29;9,669
REP-00676;H123;377,929;cable-01;cable;8;37,337
REP-00677;H123;433,648;chest_fly-01;chest_fly;46;35,559
REP-00678;H123;448,1;biceps_curl-02;biceps_curl;33;21,533
REP-00679;H123;457,811;biceps_curl-01;biceps_curl;11;23,121
REP-00680;H123;538,799;chest_fly-01;chest_fly;46;17,144
REP-00681;H123;539,503;leg_extension-02;leg_extension;10;16,44
REP-00682;H123;706,919;chest_press-02;chest_press;47;17,405
REP-00683;H124;150,598;seated_row-01;seated_row;15;23,077
REP-00684;H124;234,757;lat_pulldown-02;lat_pulldown;22;28,059
REP-00685;H124;532,914;chest_fly-01;chest_fly;46;36,932
REP-00686;H124;626,247;leg_extension-02;leg_extension;10;22,449
REP-00687;H124;630,308;leg_curl-01;leg_curl;31;17,047
REP-00688;H125;167,127;leg_press-01;leg_press;26;27,36
REP-00689;H125;191,581;leg_press-02;leg_press;32;37,971
REP-00690;H125;205,421;shoulder_press-01;shoulder_press;49;21,574
REP-00691;H125;394,604;seated_row-02;seated_row;29;21,947
REP-00692;H125;648,011;leg_extension-01;leg_extension;12;23,608
REP-00693;H126;48,19;treadmill-04;treadmill;35;42,514
REP-00694;H126;100,586;leg_curl-01;leg_curl;31;42,269
REP-00695;H126;131,668;leg_press-01;leg_press;26;23,866
REP-00696;H126;180,996;biceps_curl-02;biceps_curl;33;20,783
REP-00697;H126;844,403;leg_extension-01;leg_extension;12;23,238
REP-00698;H127;35,047;lat_pulldown-02;lat_pulldown;22;25,861
REP-00699;H127;91,097;biceps_curl-02;biceps_curl;33;22,643
REP-00700;H127;223,091;leg_extension-02;leg_extension;10;23,742
REP-00701;H127;583,234;treadmill-04;treadmill;35;22,21
REP-00702;H127;597,124;seated_row-02;seated_row;29;11,001
REP-00703;H127;600,479;lat_pulldown-01;lat_pulldown;36;8,865
REP-00704;H127;776,037;treadmill-01;treadmill;14;19,649
REP-00705;H127;787,499;treadmill-04;treadmill;35;26,08
REP-00706;H127;803,176;treadmill-03;treadmill;28;34,465
REP-00707;H127;851,156;leg_extension-01;leg_extension;12;43,84
REP-00708;H128;63,943;shoulder_press-01;shoulder_press;49;7,796
REP-00709;H128;342,43;leg_curl-01;leg_curl;31;19,887
REP-00710;H128;371,743;seated_row-02;seated_row;29;11,944
REP-00711;H128;471,396;chest_press-02;chest_press;47;15,298
REP-00712;H128;655,654;treadmill-03;treadmill;28;36,442
REP-00713;H128;676,634;leg_press-01;leg_press;26;21,229
REP-00714;H129;92,518;seated_row-02;seated_row;29;29,387
REP-00715;H129;189,435;leg_press-01;leg_press;26;54,592
REP-00716;H129;623,931;leg_curl-02;leg_curl;24;42,575
REP-00717;H129;729,241;biceps_curl-02;biceps_curl;33;17,523
REP-00718;H130;149,76;leg_extension-02;leg_extension;10;50,496
REP-00719;H130;258,318;leg_curl-02;leg_curl;24;23,519
REP-00720;H130;391,479;seated_row-02;seated_row;29;25,353
REP-00721;H130;835,405;treadmill-01;treadmill;14;26,131
REP-00722;H131;163,238;biceps_curl-01;biceps_curl;11;42,927
REP-00723;H131;224,407;leg_press-01;leg_press;26;55,188
REP-00724;H131;383,687;seated_row-02;seated_row;29;16,431
REP-00725;H131;792,644;leg_curl-01;leg_curl;31;20,939
REP-00726;H132;64,921;shoulder_press-02;shoulder_press;45;10,666
REP-00727;H132;287,731;shoulder_press-02;shoulder_press;45;23,381
REP-00728;H132;710,0;cable-02;cable;43;34,091
REP-00729;H132;756,054;leg_curl-02;leg_curl;24;10,372
REP-00730;H132;773,271;seated_row-02;seated_row;29;13,611
REP-00731;H132;795,907;leg_press-02;leg_press;32;12,025
REP-00732;H133;48,342;shoulder_press-02;shoulder_press;45;21,705
REP-00733;H133;85,927;seated_row-01;seated_row;15;28,355
REP-00734;H133;97,438;chest_fly-01;chest_fly;46;11,237
REP-00735;H133;225,88;shoulder_press-01;shoulder_press;49;16,134
REP-00736;H133;270,82;chest_press-01;chest_press;42;22,683
REP-00737;H133;310,34;leg_curl-02;leg_curl;24;33,945
REP-00738;H133;464,658;chest_fly-01;chest_fly;46;8,483
REP-00739;H133;468,412;lat_pulldown-02;lat_pulldown;22;27,796
REP-00740;H133;720,11;chest_press-01;chest_press;42;14,049
REP-00741;H133;737,587;chest_press-02;chest_press;47;24,279
REP-00742;H134;164,403;cable-02;cable;43;16,235
REP-00743;H134;254,323;chest_fly-01;chest_fly;46;45,03
REP-00744;H134;336,183;lat_pulldown-02;lat_pulldown;22;24,599
REP-00745;H134;494,058;shoulder_press-02;shoulder_press;45;21,306
REP-00746;H134;527,222;chest_fly-01;chest_fly;46;12,125
REP-00747;H134;591,543;biceps_curl-02;biceps_curl;33;15,663
REP-00748;H134;749,948;leg_extension-02;leg_extension;10;37,417
REP-00749;H135;684,419;leg_extension-01;leg_extension;12;26,46
REP-00750;H135;743,611;seated_row-01;seated_row;15;25,069
REP-00751;H135;747,397;cable-01;cable;8;20,126
REP-00752;H135;813,958;shoulder_press-01;shoulder_press;49;11,75
REP-00753;H136;164,377;leg_curl-01;leg_curl;31;50,065
REP-00754;H136;462,635;cable-01;cable;8;15,085
REP-00755;H136;764,633;cable-01;cable;8;20,465
REP-00756;H136;898,656;cable-01;cable;8;25,139
REP-00757;H137;293,779;seated_row-02;seated_row;29;26,935
REP-00758;H137;396,851;chest_press-02;chest_press;47;14,961
REP-00759;H137;468,255;shoulder_press-02;shoulder_press;45;37,828
REP-00760;H137;661,037;leg_press-02;leg_press;32;35,495
REP-00761;H137;677,656;lat_pulldown-02;lat_pulldown;22;13,379
REP-00762;H137;699,263;chest_fly-01;chest_fly;46;13,323
REP-00763;H137;875,242;cable-02;cable;43;22,575
REP-00764;H138;701,458;leg_curl-02;leg_curl;24;32,624
REP-00765;H138;734,56;lat_pulldown-02;lat_pulldown;22;23,407
REP-00766;H138;785,298;chest_press-02;chest_press;47;18,553
REP-00767;H139;86,684;lat_pulldown-01;lat_pulldown;36;27,815
REP-00768;H139;106,982;leg_extension-02;leg_extension;10;34,411
REP-00769;H139;287,773;lat_pulldown-01;lat_pulldown;36;20,875
REP-00770;H139;304,998;leg_curl-02;leg_curl;24;25,736
REP-00771;H139;482,877;chest_press-01;chest_press;42;10,272
REP-00772;H139;513,992;leg_curl-01;leg_curl;31;58,559
REP-00773;H139;742,958;seated_row-02;seated_row;29;24,858
REP-00774;H139;812,702;cable-02;cable;43;22,258
REP-00775;H140;252,335;cable-02;cable;43;22,505
REP-00776;H140;564,209;leg_press-02;leg_press;32;23,749
REP-00777;H140;643,644;shoulder_press-02;shoulder_press;45;10,394
REP-00778;H140;738,754;lat_pulldown-02;lat_pulldown;22;34,161
REP-00779;H140;814,983;treadmill-04;treadmill;35;35,828
REP-00780;H141;176,29;chest_press-02;chest_press;47;8,845
REP-00781;H141;199,775;leg_press-02;leg_press;32;39,2
REP-00782;H141;243,969;shoulder_press-01;shoulder_press;49;35,639
REP-00783;H141;307,139;seated_row-01;seated_row;15;13,44
REP-00784;H141;561,971;treadmill-04;treadmill;35;50,0
REP-00785;H141;577,081;leg_curl-01;leg_curl;31;26,588
REP-00786;H141;660,39;lat_pulldown-02;lat_pulldown;22;25,36
REP-00787;H142;246,778;shoulder_press-01;shoulder_press;49;15,197
REP-00788;H142;321,847;chest_press-01;chest_press;42;28,307
REP-00789;H142;323,582;seated_row-01;seated_row;15;17,612
REP-00790;H143;191,74;treadmill-01;treadmill;14;25,975
REP-00791;H143;210,166;chest_fly-01;chest_fly;46;17,197
REP-00792;H143;410,11;seated_row-01;seated_row;15;12,809
REP-00793;H143;692,955;cable-01;cable;8;21,247
REP-00794;H143;720,133;leg_curl-01;leg_curl;31;36,111
REP-00795;H144;56,089;leg_extension-02;leg_extension;10;36,567
REP-00796;H144;181,041;treadmill-01;treadmill;14;20,699
REP-00797;H144;318,789;treadmill-01;treadmill;14;31,807
REP-00798;H144;632,476;lat_pulldown-01;lat_pulldown;36;18,053
REP-00799;H144;804,993;leg_press-02;leg_press;32;33,905
REP-00800;H144;829,105;chest_fly-01;chest_fly;46;42,422
REP-00801;H144;864,962;biceps_curl-02;biceps_curl;33;16,305
REP-00802;H145;129,206;leg_press-02;leg_press;32;54,695
REP-00803;H146;129,61;biceps_curl-02;biceps_curl;33;10,77
REP-00804;H146;166,557;shoulder_press-02;shoulder_press;45;17,924
REP-00805;H146;336,818;lat_pulldown-01;lat_pulldown;36;20,436
REP-00806;H146;393,317;cable-02;cable;43;18,705
REP-00807;H146;424,669;chest_press-01;chest_press;42;6,76
REP-00808;H146;448,779;seated_row-01;seated_row;15;25,332
REP-00809;H146;611,784;shoulder_press-02;shoulder_press;45;24,27
REP-00810;H146;658,926;seated_row-01;seated_row;15;36,853
REP-00811;H146;684,333;seated_row-02;seated_row;29;14,964
REP-00812;H146;746,896;treadmill-01;treadmill;14;32,425
REP-00813;H146;752,409;leg_curl-02;leg_curl;24;-31,622
REP-00814;H147;17,263;leg_press-01;leg_press;26;16,811
REP-00815;H147;315,394;shoulder_press-01;shoulder_press;49;22,435
REP-00816;H147;440,317;chest_press-02;chest_press;47;14,869
REP-00817;H147;498,083;chest_press-02;chest_press;47;19,329
REP-00818;H147;543,439;shoulder_press-02;shoulder_press;45;29,21
REP-00819;H147;547,375;shoulder_press-01;shoulder_press;49;18,146
REP-00820;H147;756,904;cable-01;cable;8;41,737
REP-00821;H148;36,647;chest_fly-01;chest_fly;46;53,714
REP-00822;H148;249,332;leg_curl-02;leg_curl;24;27,762
REP-00823;H148;408,212;lat_pulldown-01;lat_pulldown;36;12,933
REP-00824;H148;858,41;leg_extension-01;leg_extension;12;23,547
REP-00825;H149;435,078;leg_curl-02;leg_curl;24;37,545
REP-00826;H149;448,722;leg_extension-01;leg_extension;12;52,895
REP-00827;H149;570,581;chest_fly-01;chest_fly;46;14,528
REP-00828;H149;665,187;cable-02;cable;43;26,493
REP-00829;H149;667,427;lat_pulldown-01;lat_pulldown;36;20,06
REP-00830;H149;758,967;cable-02;cable;43;23,21
REP-00831;H149;825,602;chest_fly-01;chest_fly;46;21,295
REP-00832;H150;578,777;shoulder_press-01;shoulder_press;49;26,384
REP-00833;H151;96,578;lat_pulldown-02;lat_pulldown;22;32,416
REP-00834;H151;102,099;cable-02;cable;43;23,153
REP-00835;H151;232,752;lat_pulldown-01;lat_pulldown;36;13,461
REP-00836;H151;313,896;lat_pulldown-01;lat_pulldown;36;16,284
REP-00837;H151;477,803;leg_curl-01;leg_curl;31;28,871
REP-00838;H151;760,682;lat_pulldown-01;lat_pulldown;36;12,283
REP-00839;H152;30,851;chest_fly-01;chest_fly;46;27,095
REP-00840;H152;91,919;seated_row-01;seated_row;15;36,205
REP-00841;H152;551,736;seated_row-01;seated_row;15;18,375
REP-00842;H152;729,996;leg_curl-02;leg_curl;24;28,347
REP-00843;H152;754,437;lat_pulldown-02;lat_pulldown;22;7,65
REP-00844;H152;841,438;lat_pulldown-01;lat_pulldown;36;17,361
REP-00845;H153;278,245;leg_curl-01;leg_curl;31;39,507
REP-00846;H153;570,068;lat_pulldown-01;lat_pulldown;36;14,046
REP-00847;H154;587,133;biceps_curl-02;biceps_curl;33;34,039
REP-00848;H154;687,195;treadmill-02;treadmill;21;50,0
REP-00849;H154;820,016;leg_curl-02;leg_curl;24;23,622
REP-00850;H154;862,504;seated_row-02;seated_row;29;12,475
REP-00851;H154;881,263;leg_press-02;leg_press;32;38,275
REP-00852;H155;616,063;seated_row-01;seated_row;15;11,521
REP-00853;H155;813,731;chest_fly-01;chest_fly;46;31,136
REP-00854;H156;115,283;leg_curl-01;leg_curl;31;23,403
REP-00855;H156;184,71;chest_fly-01;chest_fly;46;27,113
REP-00856;H156;248,05;leg_curl-02;leg_curl;24;24,99
REP-00857;H156;250,94;chest_press-02;chest_press;47;21,131
REP-00858;H156;365,812;leg_extension-01;leg_extension;12;40,05
REP-00859;H156;513,785;seated_row-02;seated_row;29;23,537
REP-00860;H156;671,72;biceps_curl-01;biceps_curl;11;33,566
REP-00861;H156;741,856;treadmill-01;treadmill;14;24,347
REP-00862;H156;758,976;treadmill-04;treadmill;35;32,111
REP-00863;H157;80,823;seated_row-02;seated_row;29;7,736
REP-00864;H157;196,887;shoulder_press-01;shoulder_press;49;14,538
REP-00865;H157;214,848;chest_press-01;chest_press;42;13,188
REP-00866;H157;444,692;leg_curl-01;leg_curl;31;19,245
REP-00867;H157;621,063;seated_row-01;seated_row;15;10,396
REP-00868;H157;700,161;treadmill-01;treadmill;14;49,622
REP-00869;H157;757,124;treadmill-04;treadmill;35;38,944
REP-00870;H158;329,279;shoulder_press-02;shoulder_press;45;16,191
REP-00871;H158;594,73;leg_press-01;leg_press;26;26,88
REP-00872;H158;704,283;chest_fly-01;chest_fly;46;-16,152
REP-00873;H158;792,271;lat_pulldown-01;lat_pulldown;36;21,14
REP-00874;H159;110,658;chest_press-02;chest_press;47;13,973
REP-00875;H159;338,627;lat_pulldown-02;lat_pulldown;22;24,757
REP-00876;H159;467,627;leg_press-01;leg_press;26;29,014
REP-00877;H159;724,005;shoulder_press-02;shoulder_press;45;17,097
REP-00878;H160;270,533;leg_extension-01;leg_extension;12;33,626
REP-00879;H160;335,954;biceps_curl-02;biceps_curl;33;18,443
REP-00880;H160;549,857;biceps_curl-02;biceps_curl;33;15,217
REP-00881;H160;625,682;cable-02;cable;43;23,911
REP-00882;H160;809,251;chest_press-02;chest_press;47;12,436
REP-00883;H161;343,605;seated_row-02;seated_row;29;20,91
REP-00884;H161;387,394;cable-02;cable;43;33,142
REP-00885;H161;506,496;seated_row-02;seated_row;29;15,72
REP-00886;H161;587,025;leg_press-02;leg_press;32;32,558
REP-00887;H161;712,601;cable-02;cable;43;16,236
REP-00888;H161;766,132;chest_press-01;chest_press;42;38,118
REP-00889;H161;796,486;leg_curl-02;leg_curl;24;22,509
REP-00890;H162;329,094;treadmill-04;treadmill;35;50,0
REP-00891;H162;382,582;biceps_curl-02;biceps_curl;33;29,016
REP-00892;H162;400,646;leg_curl-02;leg_curl;24;31,959
REP-00893;H162;441,264;leg_extension-02;leg_extension;10;22,593
REP-00894;H162;444,365;chest_fly-01;chest_fly;46;31,014
REP-00895;H162;637,38;shoulder_press-02;shoulder_press;45;36,725
REP-00896;H162;726,638;leg_curl-02;leg_curl;24;37,967
REP-00897;H162;736,101;leg_press-01;leg_press;26;38,052
REP-00898;H162;751,756;chest_press-02;chest_press;47;36,119
REP-00899;H162;782,579;chest_fly-01;chest_fly;46;37,05
REP-00900;H162;856,242;chest_fly-01;chest_fly;46;15,784
REP-00901;H163;105,937;chest_press-02;chest_press;47;29,03
REP-00902;H163;137,634;leg_press-01;leg_press;26;24,981
REP-00903;H163;159,405;shoulder_press-01;shoulder_press;49;13,319
REP-00904;H163;205,932;shoulder_press-02;shoulder_press;45;17,122
REP-00905;H163;355,659;biceps_curl-02;biceps_curl;33;27,131
REP-00906;H163;458,497;leg_extension-01;leg_extension;12;27,636
REP-00907;H164;19,062;leg_press-02;leg_press;32;20,982
REP-00908;H164;75,166;biceps_curl-01;biceps_curl;11;48,0
REP-00909;H164;102,511;chest_press-02;chest_press;47;16,041
REP-00910;H164;160,436;leg_curl-01;leg_curl;31;13,098
REP-00911;H164;554,514;lat_pulldown-01;lat_pulldown;36;10,671
REP-00912;H164;672,348;seated_row-02;seated_row;29;28,659
REP-00913;H164;739,916;lat_pulldown-01;lat_pulldown;36;21,933
REP-00914;H165;371,328;leg_extension-01;leg_extension;12;29,297
REP-00915;H165;411,024;chest_press-02;chest_press;47;10,516
REP-00916;H165;561,967;shoulder_press-01;shoulder_press;49;16,675
REP-00917;H165;760,657;biceps_curl-01;biceps_curl;11;19,597
REP-00918;H165;761,129;lat_pulldown-01;lat_pulldown;36;32,343
REP-00919;H165;786,211;leg_curl-01;leg_curl;31;28,237
REP-00920;H165;822,676;shoulder_press-02;shoulder_press;45;12,857
REP-00921;H166;221,17;leg_curl-02;leg_curl;24;26,275
REP-00922;H166;359,792;leg_extension-02;leg_extension;10;19,785
REP-00923;H166;394,788;leg_curl-01;leg_curl;31;28,262
REP-00924;H166;533,499;lat_pulldown-01;lat_pulldown;36;15,096
REP-00925;H166;595,964;shoulder_press-01;shoulder_press;49;37,129
REP-00926;H167;278,922;leg_curl-02;leg_curl;24;21,318
REP-00927;H167;592,343;treadmill-02;treadmill;21;20,391
REP-00928;H167;609,9;chest_fly-01;chest_fly;46;18,278
REP-00929;H167;660,922;leg_curl-01;leg_curl;31;38,783
REP-00930;H168;137,222;seated_row-02;seated_row;29;14,91
REP-00931;H168;339,726;chest_press-02;chest_press;47;29,906
REP-00932;H168;589,159;cable-02;cable;43;51,446
REP-00933;H168;622,607;cable-01;cable;8;39,476
REP-00934;H169;244,499;shoulder_press-01;shoulder_press;49;21,706
REP-00935;H169;336,392;chest_press-02;chest_press;47;11,84
REP-00936;H169;656,926;leg_press-01;leg_press;26;13,953
REP-00937;H170;210,363;leg_press-02;leg_press;32;24,236
REP-00938;H170;559,992;biceps_curl-01;biceps_curl;11;31,726
REP-00939;H170;730,061;chest_fly-01;chest_fly;46;13,367
REP-00940;H170;883,277;biceps_curl-02;biceps_curl;33;28,114
REP-00941;H171;183,137;seated_row-01;seated_row;15;30,452
REP-00942;H171;183,616;lat_pulldown-02;lat_pulldown;22;39,331
REP-00943;H171;620,505;leg_curl-02;leg_curl;24;19,334
REP-00944;H171;674,683;seated_row-01;seated_row;15;24,078
REP-00945;H171;680,886;lat_pulldown-02;lat_pulldown;22;12,247
REP-00946;H171;838,14;leg_curl-01;leg_curl;31;33,79
REP-00947;H171;839,143;leg_extension-01;leg_extension;12;20,601
REP-00948;H172;305,629;leg_curl-01;leg_curl;31;25,531
REP-00949;H172;432,482;chest_press-01;chest_press;42;34,239
REP-00950;H172;441,017;leg_extension-02;leg_extension;10;35,57
REP-00951;H172;449,173;cable-01;cable;8;15,972
REP-00952;H172;608,877;shoulder_press-02;shoulder_press;45;20,336
REP-00953;H172;609,362;chest_fly-01;chest_fly;46;32,025
REP-00954;H172;707,645;treadmill-02;treadmill;21;35,826
REP-00955;H172;711,881;leg_curl-02;leg_curl;24;19,509
REP-00956;H173;319,561;treadmill-04;treadmill;35;33,353
REP-00957;H173;384,957;cable-01;cable;8;18,519
REP-00958;H173;432,917;lat_pulldown-02;lat_pulldown;22;29,223
REP-00959;H173;594,747;shoulder_press-01;shoulder_press;49;16,747
REP-00960;H174;331,649;lat_pulldown-02;lat_pulldown;22;19,181
REP-00961;H174;373,496;chest_press-02;chest_press;47;43,79
REP-00962;H174;417,749;shoulder_press-02;shoulder_press;45;21,534
REP-00963;H174;442,861;chest_press-02;chest_press;47;28,003
REP-00964;H174;584,915;leg_curl-01;leg_curl;31;27,698
REP-00965;H174;761,937;treadmill-03;treadmill;28;15,053
REP-00966;H175;112,864;leg_press-01;leg_press;26;17,172
REP-00967;H175;462,708;chest_press-02;chest_press;47;23,104
REP-00968;H175;486,06;lat_pulldown-01;lat_pulldown;36;20,051
REP-00969;H175;542,274;shoulder_press-02;shoulder_press;45;25,592
REP-00970;H176;89,377;shoulder_press-01;shoulder_press;49;13,686
REP-00971;H176;238,727;biceps_curl-02;biceps_curl;33;20,639
REP-00972;H176;382,105;biceps_curl-02;biceps_curl;33;21,308
REP-00973;H176;578,483;lat_pulldown-02;lat_pulldown;22;20,146
REP-00974;H176;736,15;treadmill-01;treadmill;14;50,0
REP-00975;H176;832,324;leg_press-02;leg_press;32;35,398
REP-00976;H177;168,113;leg_curl-02;leg_curl;24;13,646
REP-00977;H177;319,121;leg_extension-01;leg_extension;12;15,268
REP-00978;H177;350,023;cable-02;cable;43;37,104
REP-00979;H177;518,6;shoulder_press-01;shoulder_press;49;48,021
REP-00980;H177;602,474;chest_press-02;chest_press;47;8,721
REP-00981;H177;811,125;treadmill-02;treadmill;21;39,103
REP-00982;H178;89,108;lat_pulldown-01;lat_pulldown;36;17,583
REP-00983;H178;95,026;seated_row-02;seated_row;29;15,634
REP-00984;H178;509,191;chest_fly-01;chest_fly;46;16,786
REP-00985;H178;542,783;seated_row-01;seated_row;15;22,365
REP-00986;H178;748,403;cable-02;cable;43;19,976
REP-00987;H178;799,396;chest_press-02;chest_press;47;12,386
REP-00988;H179;389,169;chest_press-02;chest_press;47;15,588
REP-00989;H179;517,658;treadmill-01;treadmill;14;23,699
REP-00990;H180;660,688;chest_fly-01;chest_fly;46;16,669
REP-00991;H180;703,252;biceps_curl-01;biceps_curl;11;23,9
REP-00992;H180;824,56;chest_press-02;chest_press;47;35,62
REP-00993;H180;866,763;leg_press-01;leg_press;26;35,397
REP-00994;H181;209,569;leg_extension-02;leg_extension;10;34,47
REP-00995;H181;231,83;seated_row-02;seated_row;29;20,035
REP-00996;H181;278,424;cable-01;cable;8;18,974
REP-00997;H181;583,484;leg_extension-01;leg_extension;12;51,367
REP-00998;H181;847,26;leg_curl-01;leg_curl;31;30,727
REP-00999;H182;152,895;leg_extension-02;leg_extension;10;26,286
REP-01000;H182;247,985;biceps_curl-02;biceps_curl;33;16,837
REP-01001;H182;740,235;chest_press-02;chest_press;47;10,379
REP-01002;H182;762,029;cable-02;cable;43;15,832
REP-01003;H182;812,525;cable-02;cable;43;13,054
REP-01004;H183;317,977;seated_row-02;seated_row;29;21,703
REP-01005;H184;44,199;seated_row-02;seated_row;29;12,2
REP-01006;H184;462,962;lat_pulldown-01;lat_pulldown;36;27,954
REP-01007;H184;468,583;seated_row-02;seated_row;29;48,0
REP-01008;H184;581,165;shoulder_press-01;shoulder_press;49;39,208
REP-01009;H184;684,726;seated_row-02;seated_row;29;18,551
REP-01010;H185;135,589;treadmill-04;treadmill;35;28,045
REP-01011;H185;169,125;biceps_curl-02;biceps_curl;33;23,893
REP-01012;H185;261,168;biceps_curl-01;biceps_curl;11;23,274
REP-01013;H185;578,684;chest_press-02;chest_press;47;14,572
REP-01014;H185;662,153;shoulder_press-02;shoulder_press;45;26,799
REP-01015;H185;738,807;biceps_curl-01;biceps_curl;11;16,27
REP-01016;H185;823,219;shoulder_press-01;shoulder_press;49;13,269
REP-01017;H187;111,013;leg_press-01;leg_press;26;33,751
REP-01018;H187;686,431;lat_pulldown-02;lat_pulldown;22;18,8
REP-01019;H187;835,343;treadmill-04;treadmill;35;32,114
REP-01020;H187;861,991;treadmill-02;treadmill;21;32,42
REP-01021;H188;43,499;biceps_curl-01;biceps_curl;11;26,778
REP-01022;H188;411,968;chest_press-02;chest_press;47;16,678
REP-01023;H188;546,039;biceps_curl-02;biceps_curl;33;8,81
REP-01024;H188;658,459;lat_pulldown-01;lat_pulldown;36;13,78
REP-01025;H188;710,132;leg_extension-02;leg_extension;10;32,152
REP-01026;H189;168,321;chest_press-02;chest_press;47;52,024
REP-01027;H189;402,367;leg_curl-02;leg_curl;24;56,004
REP-01028;H189;588,763;seated_row-02;seated_row;29;24,047
REP-01029;H189;725,149;chest_fly-01;chest_fly;46;32,607
REP-01030;H189;737,771;seated_row-02;seated_row;29;9,972
REP-01031;H189;743,604;shoulder_press-01;shoulder_press;49;13,922
REP-01032;H189;785,282;leg_press-01;leg_press;26;29,344
REP-01033;H190;85,284;lat_pulldown-01;lat_pulldown;36;29,233
REP-01034;H190;264,35;cable-02;cable;43;21,619
REP-01035;H190;315,878;chest_press-01;chest_press;42;16,75
REP-01036;H190;698,839;leg_extension-01;leg_extension;12;16,899
REP-01037;H190;826,587;chest_press-01;chest_press;42;11,303
REP-01038;H191;167,847;biceps_curl-01;biceps_curl;11;37,633
REP-01039;H191;408,48;biceps_curl-01;biceps_curl;11;19,131
REP-01040;H191;423,093;cable-02;cable;43;34,202
REP-01041;H191;441,611;seated_row-02;seated_row;29;7,724
REP-01042;H191;521,988;treadmill-01;treadmill;14;15,161
REP-01043;H192;151,64;leg_press-01;leg_press;26;23,273
REP-01044;H192;196,905;treadmill-03;treadmill;28;47,223
REP-01045;H192;331,462;chest_press-01;chest_press;42;18,062
REP-01046;H192;506,672;treadmill-01;treadmill;14;50,0
REP-01047;H193;47,967;shoulder_press-01;shoulder_press;49;10,911
REP-01048;H193;471,781;biceps_curl-01;biceps_curl;11;27,868
REP-01049;H193;722,443;chest_press-01;chest_press;42;7,064
REP-01050;H193;777,423;chest_press-02;chest_press;47;13,124
REP-01051;H193;846,837;leg_extension-01;leg_extension;12;22,736
REP-01052;H194;41,736;chest_fly-01;chest_fly;46;17,129
REP-01053;H194;62,835;leg_press-02;leg_press;32;24,775
REP-01054;H194;105,115;chest_fly-01;chest_fly;46;34,995
REP-01055;H194;172,18;treadmill-01;treadmill;14;32,445
REP-01056;H194;383,893;lat_pulldown-01;lat_pulldown;36;16,228
REP-01057;H194;634,666;leg_extension-01;leg_extension;12;23,631
REP-01058;H195;80,27;chest_fly-01;chest_fly;46;19,292
REP-01059;H195;253,339;seated_row-01;seated_row;15;16,692
REP-01060;H195;650,181;chest_press-02;chest_press;47;12,557
REP-01061;H195;825,153;chest_fly-01;chest_fly;46;15,527
REP-01062;H196;41,991;seated_row-02;seated_row;29;48,0
REP-01063;H196;73,716;leg_press-01;leg_press;26;24,55
REP-01064;H196;100,99;leg_extension-01;leg_extension;12;38,27
REP-01065;H196;126,011;leg_extension-02;leg_extension;10;37,237
REP-01066;H196;248,106;leg_press-01;leg_press;26;16,231
REP-01067;H196;419,514;cable-02;cable;43;29,098
REP-01068;H196;578,566;leg_extension-01;leg_extension;12;25,84
REP-01069;H196;685,188;leg_extension-02;leg_extension;10;28,17
REP-01070;H196;885,839;biceps_curl-02;biceps_curl;33;20,3
REP-01071;H197;62,296;chest_press-01;chest_press;42;17,881
REP-01072;H197;123,793;seated_row-02;seated_row;29;13,444
REP-01073;H197;491,072;chest_fly-01;chest_fly;46;40,96
REP-01074;H197;505,008;cable-02;cable;43;17,706
REP-01075;H197;562,814;cable-02;cable;43;28,543
REP-01076;H197;700,111;leg_extension-01;leg_extension;12;13,726
REP-01077;H197;766,528;shoulder_press-01;shoulder_press;49;18,499
REP-01078;H197;857,811;treadmill-03;treadmill;28;47,662
REP-01079;H198;27,282;biceps_curl-01;biceps_curl;11;16,106
REP-01080;H198;315,869;seated_row-02;seated_row;29;10,798
REP-01081;H198;519,427;leg_extension-02;leg_extension;10;19,753
REP-01082;H198;604,773;chest_press-01;chest_press;42;11,713
REP-01083;H198;734,552;leg_extension-01;leg_extension;12;37,494
REP-01084;H198;848,087;cable-02;cable;43;32,009
REP-01085;H198;867,449;biceps_curl-02;biceps_curl;33;21,314
REP-01086;H199;188,136;treadmill-02;treadmill;21;11,536
REP-01087;H199;344,968;leg_curl-02;leg_curl;24;27,916
REP-01088;H199;836,101;shoulder_press-01;shoulder_press;49;11,817
REP-01089;H199;892,527;cable-02;cable;43;55,0
REP-01090;H200;316,988;shoulder_press-01;shoulder_press;49;19,828
REP-01091;H200;455,41;shoulder_press-02;shoulder_press;45;35,693
REP-01092;H200;558,409;leg_extension-02;leg_extension;10;40,699
REP-01093;H200;755,697;leg_extension-01;leg_extension;12;38,444
REP-01094;H201;228,411;treadmill-04;treadmill;35;35,901
REP-01095;H201;331,681;leg_curl-01;leg_curl;31;33,948
REP-01096;H202;116,685;leg_press-01;leg_press;26;25,984
REP-01097;H202;445,369;lat_pulldown-02;lat_pulldown;22;17,731
REP-01098;H202;761,907;leg_curl-01;leg_curl;31;44,621
REP-01099;H202;861,184;chest_press-02;chest_press;47;16,481
REP-01100;H203;110,907;cable-01;cable;8;32,857
REP-01101;H203;157,245;leg_extension-02;leg_extension;10;27,702
REP-01102;H203;241,798;cable-02;cable;43;29,424
REP-01103;H203;423,828;leg_curl-02;leg_curl;24;20,821
REP-01104;H203;556,923;shoulder_press-01;shoulder_press;49;12,104
REP-01105;H203;679,893;leg_curl-01;leg_curl;31;50,278
REP-01106;H204;616,942;shoulder_press-01;shoulder_press;49;11,677
REP-01107;H204;680,735;chest_fly-01;chest_fly;46;15,317
REP-01108;H204;740,033;shoulder_press-01;shoulder_press;49;24,302
REP-01109;H205;323,769;shoulder_press-01;shoulder_press;49;20,237
REP-01110;H205;391,412;biceps_curl-01;biceps_curl;11;14,724
REP-01111;H205;536,753;lat_pulldown-02;lat_pulldown;22;10,337
REP-01112;H205;607,709;lat_pulldown-02;lat_pulldown;22;13,007
REP-01113;H205;618,093;cable-02;cable;43;13,579
REP-01114;H205;699,582;cable-02;cable;43;18,321
REP-01115;H205;743,322;lat_pulldown-01;lat_pulldown;36;16,504
REP-01116;H205;841,396;leg_press-01;leg_press;26;22,168
REP-01117;H206;394,418;treadmill-01;treadmill;14;45,016
REP-01118;H206;414,849;seated_row-02;seated_row;29;18,23
REP-01119;H206;454,182;cable-01;cable;8;36,424
REP-01120;H206;844,225;treadmill-04;treadmill;35;23,829
REP-01121;H207;25,629;seated_row-01;seated_row;15;9,386
REP-01122;H207;72,302;leg_press-01;leg_press;26;23,807
REP-01123;H207;320,161;lat_pulldown-01;lat_pulldown;36;13,947
REP-01124;H207;527,008;cable-02;cable;43;43,975
REP-01125;H207;553,976;chest_press-02;chest_press;47;40,353
REP-01126;H207;791,704;lat_pulldown-01;lat_pulldown;36;24,552
REP-01127;H208;37,944;biceps_curl-02;biceps_curl;33;12,972
REP-01128;H208;218,86;shoulder_press-02;shoulder_press;45;36,007
REP-01129;H209;132,511;lat_pulldown-02;lat_pulldown;22;11,713
REP-01130;H209;289,543;cable-02;cable;43;14,569
REP-01131;H209;358,216;chest_press-01;chest_press;42;47,425
REP-01132;H209;630,005;leg_press-01;leg_press;26;16,562
REP-01133;H209;844,498;cable-01;cable;8;18,369
REP-01134;H210;557,64;seated_row-02;seated_row;29;7,158
REP-01135;H210;772,76;leg_press-02;leg_press;32;24,003
REP-01136;H211;355,633;cable-01;cable;8;32,797
REP-01137;H211;603,172;leg_curl-02;leg_curl;24;36,635
REP-01138;H211;717,41;leg_extension-02;leg_extension;10;16,536
REP-01139;H211;819,702;cable-02;cable;43;40,075
REP-01140;H211;826,842;leg_curl-02;leg_curl;24;18,028
REP-01141;H211;837,269;cable-01;cable;8;28,27
REP-01142;H212;72,347;leg_extension-01;leg_extension;12;45,311
REP-01143;H212;143,963;lat_pulldown-01;lat_pulldown;36;20,053
REP-01144;H212;504,042;cable-01;cable;8;15,964
REP-01145;H212;509,053;leg_extension-02;leg_extension;10;23,249
REP-01146;H212;583,321;chest_fly-01;chest_fly;46;14,56
REP-01147;H212;785,414;chest_press-01;chest_press;42;38,826
REP-01148;H212;871,512;chest_fly-01;chest_fly;46;22,066
REP-01149;H213;72,478;cable-01;cable;8;44,176
REP-01150;H213;222,162;seated_row-02;seated_row;29;20,646
REP-01151;H213;223,425;biceps_curl-01;biceps_curl;11;22,815
REP-01152;H213;457,453;chest_fly-01;chest_fly;46;17,583
REP-01153;H213;533,082;shoulder_press-01;shoulder_press;49;35,943
REP-01154;H213;811,636;seated_row-02;seated_row;29;17,636
REP-01155;H214;459,098;biceps_curl-02;biceps_curl;33;19,941
REP-01156;H214;614,218;chest_fly-01;chest_fly;46;12,975
REP-01157;H214;756,515;cable-02;cable;43;33,314
REP-01158;H214;788,409;shoulder_press-01;shoulder_press;49;9,638
REP-01159;H215;125,967;treadmill-02;treadmill;21;46,214
REP-01160;H215;210,65;leg_extension-02;leg_extension;10;17,669
REP-01161;H215;324,594;leg_press-02;leg_press;32;15,059
REP-01162;H215;655,042;shoulder_press-01;shoulder_press;49;12,113
REP-01163;H215;738,146;leg_curl-02;leg_curl;24;28,216
REP-01164;H215;819,557;leg_extension-01;leg_extension;12;40,559
REP-01165;H216;316,989;treadmill-01;treadmill;14;42,302
REP-01166;H216;453,948;chest_press-01;chest_press;42;27,321
REP-01167;H216;543,78;treadmill-03;treadmill;28;49,159
REP-01168;H216;723,771;leg_extension-02;leg_extension;10;37,31
REP-01169;H217;247,761;cable-01;cable;8;25,134
REP-01170;H217;849,327;lat_pulldown-01;lat_pulldown;36;21,949
REP-01171;H218;122,369;shoulder_press-02;shoulder_press;45;25,175
REP-01172;H218;290,022;seated_row-02;seated_row;29;13,855
REP-01173;H218;722,951;leg_extension-01;leg_extension;12;23,985
REP-01174;H218;733,663;chest_fly-01;chest_fly;46;18,468
REP-01175;H218;830,552;leg_extension-02;leg_extension;10;22,503
REP-01176;H219;29,396;biceps_curl-02;biceps_curl;33;23,971
REP-01177;H219;592,618;biceps_curl-02;biceps_curl;33;12,775
REP-01178;H219;611,961;treadmill-04;treadmill;35;18,698
REP-01179;H219;650,764;leg_curl-01;leg_curl;31;18,225
REP-01180;H219;890,423;cable-01;cable;8;19,036
REP-01181;H220;396,073;biceps_curl-02;biceps_curl;33;10,226
REP-01182;H220;656,817;leg_curl-02;leg_curl;24;22,739
REP-01183;H220;695,119;leg_extension-01;leg_extension;12;15,984
REP-01184;H220;764,949;shoulder_press-02;shoulder_press;45;22,85
REP-01185;H221;126,248;cable-02;cable;43;12,174
REP-01186;H221;329,901;seated_row-01;seated_row;15;26,013
REP-01187;H221;467,927;cable-01;cable;8;21,013
REP-01188;H221;477,192;chest_press-01;chest_press;42;11,765
REP-01189;H221;521,232;treadmill-04;treadmill;35;25,549
REP-01190;H221;566,419;chest_press-02;chest_press;47;26,157
REP-01191;H221;621,997;cable-02;cable;43;19,043
REP-01192;H221;634,342;lat_pulldown-02;lat_pulldown;22;17,965
REP-01193;H221;836,59;lat_pulldown-02;lat_pulldown;22;26,37
REP-01194;H222;239,859;leg_extension-01;leg_extension;12;39,203
REP-01195;H222;259,086;leg_press-01;leg_press;26;52,766
REP-01196;H222;337,571;chest_fly-01;chest_fly;46;34,473
REP-01197;H222;387,595;leg_extension-01;leg_extension;12;18,538
REP-01198;H222;573,753;biceps_curl-02;biceps_curl;33;18,372
REP-01199;H222;626,533;chest_press-01;chest_press;42;13,475
REP-01200;H222;726,611;shoulder_press-01;shoulder_press;49;14,68
REP-01201;H223;53,93;shoulder_press-01;shoulder_press;49;20,395
REP-01202;H223;70,649;cable-02;cable;43;14,111
REP-01203;H223;201,725;shoulder_press-01;shoulder_press;49;14,812
REP-01204;H223;800,533;treadmill-04;treadmill;35;15,421
REP-01205;H224;73,063;biceps_curl-02;biceps_curl;33;19,019
REP-01206;H224;121,316;shoulder_press-02;shoulder_press;45;14,092
REP-01207;H224;165,13;chest_press-02;chest_press;47;34,238
REP-01208;H224;619,221;leg_extension-01;leg_extension;12;36,834
REP-01209;H224;636,097;shoulder_press-01;shoulder_press;49;13,77
REP-01210;H224;743,28;biceps_curl-02;biceps_curl;33;40,711
REP-01211;H224;846,832;shoulder_press-01;shoulder_press;49;10,513
REP-01212;H225;186,298;treadmill-03;treadmill;28;18,634
REP-01213;H225;712,523;lat_pulldown-02;lat_pulldown;22;29,917
REP-01214;H225;740,363;leg_curl-01;leg_curl;31;40,389
REP-01215;H225;752,232;shoulder_press-01;shoulder_press;49;15,901
REP-01216;H225;759,713;chest_press-01;chest_press;42;26,128
REP-01217;H226;110,973;biceps_curl-02;biceps_curl;33;18,481
REP-01218;H226;718,414;treadmill-04;treadmill;35;27,739
REP-01219;H226;819,957;leg_curl-02;leg_curl;24;44,546
REP-01220;H227;155,181;chest_fly-01;chest_fly;46;10,658
REP-01221;H227;199,483;shoulder_press-01;shoulder_press;99;15,047
REP-01222;H227;228,301;chest_fly-01;chest_fly;46;27,457
REP-01223;H227;337,421;cable-02;cable;43;12,46
REP-01224;H227;747,383;shoulder_press-01;shoulder_press;49;44,881
REP-01225;H227;769,24;leg_press-02;leg_press;32;42,704
REP-01226;H228;312,399;lat_pulldown-02;lat_pulldown;22;26,938
REP-01227;H228;419,539;lat_pulldown-01;lat_pulldown;36;24,124
REP-01228;H228;741,09;treadmill-04;treadmill;35;21,688
REP-01229;H229;80,917;lat_pulldown-02;lat_pulldown;22;9,206
REP-01230;H229;324,249;lat_pulldown-01;lat_pulldown;36;13,27
REP-01231;H229;512,602;leg_extension-01;leg_extension;12;27,984
REP-01232;H229;523,897;biceps_curl-01;biceps_curl;11;32,174
REP-01233;H229;567,196;treadmill-01;treadmill;14;27,412
REP-01234;H229;590,295;chest_press-01;chest_press;42;8,39
REP-01235;H229;636,037;leg_press-02;leg_press;32;31,523
REP-01236;H229;640,038;chest_press-01;chest_press;42;38,072
REP-01237;H229;677,651;cable-01;cable;8;24,926
REP-01238;H230;107,827;leg_extension-02;leg_extension;10;30,759
REP-01239;H230;541,611;shoulder_press-01;shoulder_press;49;15,144
REP-01240;H230;744,971;lat_pulldown-02;lat_pulldown;22;18,42
REP-01241;H230;845,954;biceps_curl-02;biceps_curl;33;16,268
REP-01242;H231;186,64;seated_row-01;seated_row;15;18,2
REP-01243;H231;451,585;lat_pulldown-01;lat_pulldown;36;16,673
REP-01244;H231;570,611;treadmill-03;treadmill;28;31,321
REP-01245;H231;652,739;chest_press-01;chest_press;42;45,711
REP-01246;H231;678,144;leg_press-01;leg_press;26;16,158
REP-01247;H231;731,688;leg_extension-01;leg_extension;12;21,596
REP-01248;H231;770,206;leg_curl-01;leg_curl;31;19,651
REP-01249;H231;835,696;chest_press-02;chest_press;47;19,892
REP-01250;H231;886,275;seated_row-01;seated_row;15;36,665
REP-01251;H232;136,247;lat_pulldown-01;lat_pulldown;36;22,79
REP-01252;H232;218,315;cable-01;cable;8;16,657
REP-01253;H232;350,545;chest_press-01;chest_press;42;11,93
REP-01254;H232;535,913;chest_press-01;chest_press;42;9,429
REP-01255;H232;757,627;leg_press-01;leg_press;26;22,106
REP-01256;H232;762,593;lat_pulldown-02;lat_pulldown;22;10,459
REP-01257;H232;787,146;cable-01;cable;8;33,822
REP-01258;H232;886,861;lat_pulldown-02;lat_pulldown;22;27,592
REP-01259;H233;130,758;lat_pulldown-01;lat_pulldown;36;14,15
REP-01260;H233;364,907;leg_curl-02;leg_curl;24;36,006
REP-01261;H233;502,545;shoulder_press-02;shoulder_press;45;16,88
REP-01262;H233;789,319;chest_fly-01;chest_fly;46;30,69
REP-01263;H234;116,929;seated_row-02;seated_row;29;29,879
REP-01264;H234;409,748;chest_fly-01;chest_fly;46;40,372
REP-01265;H234;415,901;cable-01;cable;8;21,167
REP-01266;H234;424,856;seated_row-02;seated_row;29;19,736
REP-01267;H234;677,425;shoulder_press-02;shoulder_press;45;29,898
REP-01268;H235;630,505;cable-02;cable;43;39,081
REP-01269;H236;16,575;lat_pulldown-02;lat_pulldown;22;29,315
REP-01270;H236;319,362;shoulder_press-01;shoulder_press;49;23,128
REP-01271;H236;498,762;leg_curl-02;leg_curl;24;35,848
REP-01272;H236;594,337;chest_press-02;chest_press;47;13,205
REP-01273;H236;664,111;biceps_curl-01;biceps_curl;11;11,93
REP-01274;H236;741,537;chest_press-02;chest_press;47;43,808
REP-01275;H236;801,458;leg_curl-01;leg_curl;31;34,692
REP-01276;H236;816,247;chest_press-01;chest_press;42;25,532
REP-01277;H236;844,936;biceps_curl-01;biceps_curl;11;14,689
REP-01278;H237;199,215;lat_pulldown-01;lat_pulldown;36;9,296
REP-01279;H237;756,724;leg_curl-02;leg_curl;24;49,122
REP-01280;H237;768,058;shoulder_press-01;shoulder_press;49;11,96
REP-01281;H237;775,292;leg_curl-01;leg_curl;31;38,883
REP-01282;H237;865,385;leg_press-02;leg_press;32;57,574
REP-01283;H238;299,547;seated_row-02;seated_row;29;27,222
REP-01284;H238;403,129;chest_press-01;chest_press;42;9,413
REP-01285;H238;569,964;biceps_curl-01;biceps_curl;11;17,639
REP-01286;H238;605,743;biceps_curl-02;biceps_curl;33;46,58
REP-01287;H238;662,827;biceps_curl-02;biceps_curl;33;23,688
REP-01288;H238;682,584;chest_press-02;chest_press;47;32,275
REP-01289;H239;108,396;chest_fly-01;chest_fly;46;19,076
REP-01290;H239;164,783;chest_press-02;chest_press;47;10,428
REP-01291;H239;167,845;leg_press-01;leg_press;26;21,658
REP-01292;H239;445,535;leg_curl-02;leg_curl;24;33,325
REP-01293;H239;497,812;chest_fly-01;chest_fly;46;9,033
REP-01294;H239;505,557;seated_row-02;seated_row;29;24,557
REP-01295;H239;538,093;chest_press-01;chest_press;42;18,897
REP-01296;H239;662,08;shoulder_press-02;shoulder_press;45;13,066
REP-01297;H239;705,161;cable-02;cable;43;18,761
REP-01298;H239;843,818;chest_press-01;chest_press;42;23,261
REP-01299;H240;43,741;leg_extension-01;leg_extension;12;16,915
REP-01300;H240;49,416;shoulder_press-02;shoulder_press;45;15,264
REP-01301;H240;72,059;treadmill-04;treadmill;35;40,447
REP-01302;H240;229,062;leg_curl-01;leg_curl;31;24,605
REP-01303;H240;258,226;treadmill-02;treadmill;21;38,924
REP-01304;H240;362,293;shoulder_press-01;shoulder_press;49;18,6
REP-01305;H240;471,352;chest_press-02;chest_press;47;14,152
REP-01306;H240;498,067;chest_press-01;chest_press;42;15,121
REP-01307;H240;682,05;shoulder_press-01;shoulder_press;49;11,308
